Chidamber-Kemerer metrics,Thu, 6 Nov 2025 21:43:55 WET
Class,CBO,DIT,LCOM,NOC,RFC,WMC
ApplicationTests,59,1,5,0,201,111
GenericModTest,5,1,2,1,19,3
ModTestAllure,12,2,1,0,14,1
mindustry.ClientLauncher,30,2,2,2,98,40
mindustry.Vars,534,1,1,0,104,34
mindustry.ai.Astar,13,1,1,0,27,14
mindustry.ai.Astar.DistanceHeuristic,n/a,n/a,n/a,n/a,1,n/a
mindustry.ai.Astar.TileHeuristic,n/a,n/a,n/a,n/a,2,n/a
mindustry.ai.BaseBuilderAI,37,1,1,0,65,43
mindustry.ai.BaseRegistry,23,1,1,0,28,17
mindustry.ai.BaseRegistry.BasePart,7,1,1,0,3,2
mindustry.ai.BlockIndexer,64,1,1,0,107,130
mindustry.ai.BlockIndexer.TurretQuadtree,3,2,2,0,6,3
mindustry.ai.ControlPathfinder,34,1,1,0,195,274
mindustry.ai.ControlPathfinder.Cluster,1,1,0,0,0,0
mindustry.ai.ControlPathfinder.FieldCache,6,1,0,0,4,1
mindustry.ai.ControlPathfinder.FieldIndexStruct,0,1,0,0,0,0
mindustry.ai.ControlPathfinder.IntraEdgeStruct,0,1,0,0,0,0
mindustry.ai.ControlPathfinder.NodeIndexStruct,0,1,0,0,0,0
mindustry.ai.ControlPathfinder.PathRequest,7,1,0,0,5,1
mindustry.ai.ItemUnitStance,7,4,3,0,14,6
mindustry.ai.PathfindQueue,3,1,1,0,12,24
mindustry.ai.Pathfinder,37,1,1,0,95,98
mindustry.ai.Pathfinder.EnemyCoreField,14,2,1,0,12,11
mindustry.ai.Pathfinder.Flowfield,10,1,4,2,23,12
mindustry.ai.Pathfinder.PathCost,n/a,n/a,n/a,n/a,1,n/a
mindustry.ai.Pathfinder.PathTileStruct,0,1,0,0,0,0
mindustry.ai.Pathfinder.PositionTarget,3,2,1,0,7,2
mindustry.ai.RtsAI,29,1,1,0,94,57
mindustry.ai.UnitCommand,25,3,4,8,13,9
mindustry.ai.UnitGroup,14,1,1,0,36,20
mindustry.ai.UnitStance,17,3,5,1,19,12
mindustry.ai.WaveSpawner,49,1,3,0,75,48
mindustry.ai.WaveSpawner.SpawnConsumer,n/a,n/a,n/a,n/a,1,n/a
mindustry.ai.types.AssemblerAI,7,2,1,0,8,4
mindustry.ai.types.BoostAI,5,2,1,0,8,3
mindustry.ai.types.BuilderAI,34,2,1,0,59,47
mindustry.ai.types.CargoAI,17,2,1,0,34,29
mindustry.ai.types.CommandAI,53,2,2,0,123,124
mindustry.ai.types.DefenderAI,13,2,1,0,17,9
mindustry.ai.types.FlyingAI,22,2,1,1,25,26
mindustry.ai.types.FlyingFollowAI,14,3,2,0,23,14
mindustry.ai.types.GroundAI,21,2,1,1,13,15
mindustry.ai.types.HugAI,21,2,1,0,21,13
mindustry.ai.types.LogicAI,29,2,6,0,37,23
mindustry.ai.types.MinerAI,24,2,1,0,28,20
mindustry.ai.types.MissileAI,16,2,2,0,21,8
mindustry.ai.types.PrebuildAI,32,2,1,0,61,36
mindustry.ai.types.RepairAI,12,2,1,0,13,17
mindustry.ai.types.SuicideAI,26,3,1,0,28,17
mindustry.annotations.Annotations,0,1,0,0,0,0
mindustry.annotations.Annotations.BaseComponent,n/a,n/a,n/a,n/a,0,n/a
mindustry.annotations.Annotations.CallSuper,n/a,n/a,n/a,n/a,0,n/a
mindustry.annotations.Annotations.Component,n/a,n/a,n/a,n/a,2,n/a
mindustry.annotations.Annotations.EntityDef,n/a,n/a,n/a,n/a,6,n/a
mindustry.annotations.Annotations.EntityInterface,n/a,n/a,n/a,n/a,0,n/a
mindustry.annotations.Annotations.Final,n/a,n/a,n/a,n/a,0,n/a
mindustry.annotations.Annotations.GroupDef,n/a,n/a,n/a,n/a,4,n/a
mindustry.annotations.Annotations.Import,n/a,n/a,n/a,n/a,0,n/a
mindustry.annotations.Annotations.InternalImpl,n/a,n/a,n/a,n/a,0,n/a
mindustry.annotations.Annotations.Load,n/a,n/a,n/a,n/a,4,n/a
mindustry.annotations.Annotations.Loc,25,n/a,2,n/a,3,1
mindustry.annotations.Annotations.MethodPriority,n/a,n/a,n/a,n/a,1,n/a
mindustry.annotations.Annotations.NoSync,n/a,n/a,n/a,n/a,0,n/a
mindustry.annotations.Annotations.OverrideCallSuper,n/a,n/a,n/a,n/a,0,n/a
mindustry.annotations.Annotations.PacketPriority,6,n/a,2,n/a,2,0
mindustry.annotations.Annotations.ReadOnly,n/a,n/a,n/a,n/a,0,n/a
mindustry.annotations.Annotations.RegisterStatement,n/a,n/a,n/a,n/a,1,n/a
mindustry.annotations.Annotations.Remote,n/a,n/a,n/a,n/a,6,n/a
mindustry.annotations.Annotations.Replace,n/a,n/a,n/a,n/a,0,n/a
mindustry.annotations.Annotations.Struct,n/a,n/a,n/a,n/a,0,n/a
mindustry.annotations.Annotations.StructField,n/a,n/a,n/a,n/a,1,n/a
mindustry.annotations.Annotations.StyleDefaults,n/a,n/a,n/a,n/a,0,n/a
mindustry.annotations.Annotations.SyncField,n/a,n/a,n/a,n/a,2,n/a
mindustry.annotations.Annotations.SyncLocal,n/a,n/a,n/a,n/a,0,n/a
mindustry.annotations.Annotations.TypeIOHandler,n/a,n/a,n/a,n/a,0,n/a
mindustry.annotations.Annotations.Variant,8,n/a,2,n/a,3,1
mindustry.annotations.BaseProcessor,13,2,10,6,95,42
mindustry.annotations.entity.EntityIO,11,1,1,0,69,56
mindustry.annotations.entity.EntityIO.Revision,2,1,1,0,7,6
mindustry.annotations.entity.EntityIO.RevisionField,2,1,0,0,2,2
mindustry.annotations.entity.EntityProcess,22,3,1,0,213,152
mindustry.annotations.entity.EntityProcess.EntityDefinition,4,1,0,0,2,2
mindustry.annotations.entity.EntityProcess.GroupDefinition,4,1,0,0,3,2
mindustry.annotations.impl.AssetsProcess,2,3,1,0,84,21
mindustry.annotations.impl.StructProcess,6,3,1,0,57,37
mindustry.annotations.misc.LoadRegionProcessor,6,3,1,0,48,17
mindustry.annotations.misc.LogicStatementProcessor,5,3,1,0,43,9
mindustry.annotations.remote.CallGenerator,11,1,1,0,59,55
mindustry.annotations.remote.MethodEntry,6,1,0,0,3,2
mindustry.annotations.remote.RemoteProcess,9,3,1,0,23,7
mindustry.annotations.remote.SerializerResolver,1,1,1,0,11,4
mindustry.annotations.util.AnnotationProxyMaker,2,1,2,0,30,16
mindustry.annotations.util.AnnotationProxyMaker.ValueVisitor,2,1,1,0,35,17
mindustry.annotations.util.Selement,15,1,1,3,44,22
mindustry.annotations.util.Smethod,9,2,3,0,37,16
mindustry.annotations.util.Stype,11,2,1,0,33,13
mindustry.annotations.util.Svar,11,2,3,0,16,8
mindustry.annotations.util.TypeIOResolver,9,1,1,0,23,9
mindustry.annotations.util.TypeIOResolver.ClassSerializer,5,1,1,0,3,2
mindustry.async.AsyncCore,9,1,1,0,23,14
mindustry.async.AsyncProcess,n/a,n/a,n/a,n/a,6,n/a
mindustry.async.AvoidanceProcess,15,1,1,0,24,20
mindustry.async.PhysicsProcess,23,1,1,0,23,15
mindustry.async.PhysicsProcess.PhysicRef,4,1,0,0,1,1
mindustry.async.PhysicsProcess.PhysicsWorld,2,1,1,0,23,15
mindustry.async.PhysicsProcess.PhysicsWorld.PhysicsBody,3,1,1,0,2,1
mindustry.audio.SoundControl,27,1,1,0,82,53
mindustry.audio.SoundControl.SoundData,1,1,0,0,1,0
mindustry.audio.SoundLoop,4,1,1,0,10,10
mindustry.content.Blocks,287,1,1,0,142,10
mindustry.content.Bullets,13,1,1,0,6,1
mindustry.content.ErekirTechTree,28,1,1,0,25,14
mindustry.content.Fx,152,1,0,0,128,103
mindustry.content.Items,28,1,1,0,6,1
mindustry.content.Liquids,27,1,1,0,3,1
mindustry.content.Loadouts,8,1,1,0,2,1
mindustry.content.Planets,43,1,1,0,4,3
mindustry.content.SectorPresets,10,1,1,0,3,1
mindustry.content.SerpuloTechTree,13,1,1,0,12,1
mindustry.content.StatusEffects,45,1,1,0,2,3
mindustry.content.TeamEntries,1,1,1,0,1,1
mindustry.content.TechTree,16,1,1,0,20,12
mindustry.content.TechTree.TechNode,21,1,2,0,26,23
mindustry.content.UnitTypes,100,1,1,0,5,21
mindustry.content.Weathers,9,1,1,0,3,1
mindustry.core.ContentLoader,161,1,2,0,101,78
mindustry.core.Control,117,1,2,0,224,107
mindustry.core.FileTree,11,1,1,0,22,14
mindustry.core.GameState,211,1,3,0,19,16
mindustry.core.GameState.State,16,n/a,2,n/a,2,0
mindustry.core.Logic,94,1,2,0,147,95
mindustry.core.NetClient,70,1,1,0,199,126
mindustry.core.NetServer,89,1,1,0,267,197
mindustry.core.NetServer.ChatFormatter,n/a,n/a,n/a,n/a,1,n/a
mindustry.core.NetServer.InvalidCommandHandler,n/a,n/a,n/a,n/a,1,n/a
mindustry.core.NetServer.TeamAssigner,n/a,n/a,n/a,n/a,1,n/a
mindustry.core.NetServer.VoteSession,8,1,1,0,16,5
mindustry.core.PerfCounter,4,n/a,3,n/a,14,7
mindustry.core.Platform,n/a,n/a,n/a,n/a,82,n/a
mindustry.core.Platform.FileWriter,n/a,n/a,n/a,n/a,1,n/a
mindustry.core.Renderer,93,1,2,0,179,89
mindustry.core.Renderer.EnvRenderer,1,1,0,0,1,1
mindustry.core.UI,123,1,7,0,224,107
mindustry.core.Version,20,1,1,0,23,17
mindustry.core.World,186,1,4,1,132,123
mindustry.core.World.Context,6,1,6,1,16,9
mindustry.core.World.FilterContext,8,2,1,1,12,5
mindustry.ctype.Content,129,1,7,3,15,10
mindustry.ctype.Content.ModContentInfo,16,1,0,0,0,0
mindustry.ctype.ContentType,41,n/a,2,n/a,3,1
mindustry.ctype.MappableContent,91,2,0,3,4,2
mindustry.ctype.UnlockableContent,244,3,12,9,63,44
mindustry.desktop.DesktopLauncher,29,3,2,0,100,65
mindustry.desktop.steam.SNet,31,1,2,0,129,63
mindustry.desktop.steam.SNet.SteamConnection,4,2,3,0,21,8
mindustry.desktop.steam.SStats,5,1,1,0,13,7
mindustry.desktop.steam.SUser,4,1,0,0,1,0
mindustry.desktop.steam.SVars,5,1,0,0,0,0
mindustry.desktop.steam.SWorkshop,15,1,2,0,114,39
mindustry.editor.BannedContentDialog,13,7,1,0,86,24
mindustry.editor.DrawOperation,14,1,1,0,42,19
mindustry.editor.DrawOperation.TileOpDataStruct,0,1,0,0,0,0
mindustry.editor.DrawOperation.TileOpStruct,0,1,0,0,0,0
mindustry.editor.EditorRenderer,24,1,1,0,76,43
mindustry.editor.EditorSpriteCache,1,1,1,0,22,14
mindustry.editor.EditorTile,25,2,2,0,48,45
mindustry.editor.EditorTool,16,n/a,4,n/a,8,65
mindustry.editor.MapEditor,33,1,1,0,103,85
mindustry.editor.MapEditor.Context,7,1,2,0,14,6
mindustry.editor.MapEditorDialog,58,6,2,0,273,99
mindustry.editor.MapGenerateDialog,32,7,1,0,149,50
mindustry.editor.MapInfoDialog,21,7,1,0,47,2
mindustry.editor.MapLoadDialog,8,7,1,0,45,6
mindustry.editor.MapLocalesDialog,19,7,1,0,165,100
mindustry.editor.MapLocalesDialog.PropertyStatus,1,n/a,2,n/a,2,0
mindustry.editor.MapObjectivesCanvas,6,4,2,0,20,20
mindustry.editor.MapObjectivesCanvas.ObjectiveTilemap,8,4,3,0,58,37
mindustry.editor.MapObjectivesCanvas.ObjectiveTilemap.ObjectiveTile,13,5,1,0,53,8
mindustry.editor.MapObjectivesCanvas.ObjectiveTilemap.ObjectiveTile.Connector,5,6,1,0,17,21
mindustry.editor.MapObjectivesCanvas.ObjectiveTilemap.ObjectiveTile.Mover,3,2,1,0,10,5
mindustry.editor.MapObjectivesDialog,43,7,2,0,171,82
mindustry.editor.MapObjectivesDialog.FieldInterpreter,n/a,n/a,n/a,n/a,1,n/a
mindustry.editor.MapObjectivesDialog.FieldProvider,n/a,n/a,n/a,n/a,1,n/a
mindustry.editor.MapObjectivesDialog.TypeInfo,5,1,1,0,19,17
mindustry.editor.MapProcessorsDialog,26,7,1,0,73,21
mindustry.editor.MapResizeDialog,5,7,0,0,25,9
mindustry.editor.MapResizeDialog.ResizeListener,n/a,n/a,n/a,n/a,1,n/a
mindustry.editor.MapView,11,2,3,0,63,52
mindustry.editor.OperationStack,2,1,1,0,15,10
mindustry.editor.SectorGenerateDialog,20,7,1,0,47,6
mindustry.editor.WaveGraph,13,5,4,0,104,51
mindustry.editor.WaveGraph.Mode,1,n/a,2,n/a,2,0
mindustry.editor.WaveInfoDialog,25,7,1,0,135,52
mindustry.editor.WaveInfoDialog.Sort,4,n/a,2,n/a,4,2
mindustry.entities.Damage,55,1,2,0,162,118
mindustry.entities.Damage.Collided,2,1,1,0,2,2
mindustry.entities.Effect,164,1,5,8,74,53
mindustry.entities.Effect.EffectContainer,10,1,1,0,6,8
mindustry.entities.EntityCollisions,18,1,4,0,56,36
mindustry.entities.EntityCollisions.SolidPred,n/a,n/a,n/a,n/a,1,n/a
mindustry.entities.EntityGroup,59,1,3,0,80,72
mindustry.entities.EntityIndexer,n/a,n/a,n/a,n/a,1,n/a
mindustry.entities.Fires,20,1,1,0,26,18
mindustry.entities.GroupDefs,12,1,0,0,0,0
mindustry.entities.Leg,2,1,0,0,1,0
mindustry.entities.LegDestroyData,2,1,0,0,1,1
mindustry.entities.Lightning,20,1,1,0,38,12
mindustry.entities.Mover,n/a,n/a,n/a,n/a,1,n/a
mindustry.entities.Predict,6,1,1,0,17,14
mindustry.entities.Puddles,27,1,1,0,40,33
mindustry.entities.Sized,n/a,n/a,n/a,n/a,1,n/a
mindustry.entities.TargetPriority,16,1,0,0,0,0
mindustry.entities.UnitSorts,11,1,0,0,3,1
mindustry.entities.Units,86,1,5,0,101,97
mindustry.entities.Units.BuildingPriorityf,n/a,n/a,n/a,n/a,1,n/a
mindustry.entities.Units.Sortf,n/a,n/a,n/a,n/a,1,n/a
mindustry.entities.Units.UnitSyncContainer,3,1,0,0,2,2
mindustry.entities.abilities.Ability,24,1,8,15,40,14
mindustry.entities.abilities.ArmorPlateAbility,8,2,1,0,20,11
mindustry.entities.abilities.EnergyFieldAbility,27,2,1,1,63,29
mindustry.entities.abilities.ForceFieldAbility,17,2,1,0,38,17
mindustry.entities.abilities.LiquidExplodeAbility,12,2,1,1,13,7
mindustry.entities.abilities.LiquidRegenAbility,16,2,1,1,22,10
mindustry.entities.abilities.MoveEffectAbility,11,2,1,5,13,10
mindustry.entities.abilities.MoveLightningAbility,9,2,1,0,31,12
mindustry.entities.abilities.RegenAbility,5,2,1,1,7,6
mindustry.entities.abilities.RepairFieldAbility,10,2,1,0,15,10
mindustry.entities.abilities.ShieldArcAbility,23,2,1,1,63,23
mindustry.entities.abilities.ShieldRegenFieldAbility,9,2,1,0,15,8
mindustry.entities.abilities.SpawnDeathAbility,8,2,1,0,15,9
mindustry.entities.abilities.StatusFieldAbility,12,2,1,0,18,8
mindustry.entities.abilities.SuppressionFieldAbility,9,2,1,4,30,9
mindustry.entities.abilities.UnitSpawnAbility,17,2,1,0,29,11
mindustry.entities.bullet.ArtilleryBulletType,8,4,1,22,10,6
mindustry.entities.bullet.BasicBulletType,16,3,1,66,22,8
mindustry.entities.bullet.BombBulletType,4,4,0,1,4,3
mindustry.entities.bullet.BulletType,131,2,5,42,174,161
mindustry.entities.bullet.ContinuousBulletType,12,3,1,2,18,15
mindustry.entities.bullet.ContinuousFlameBulletType,10,4,2,2,23,10
mindustry.entities.bullet.ContinuousLaserBulletType,9,4,2,3,22,8
mindustry.entities.bullet.EmpBulletType,19,4,1,1,20,11
mindustry.entities.bullet.EmptyBulletType,2,3,0,0,1,1
mindustry.entities.bullet.ExplosionBulletType,3,3,0,7,3,2
mindustry.entities.bullet.FireBulletType,7,3,2,1,19,8
mindustry.entities.bullet.FlakBulletType,10,4,1,11,13,7
mindustry.entities.bullet.InterceptorBulletType,5,4,1,0,12,8
mindustry.entities.bullet.LaserBoltBulletType,6,4,1,4,10,3
mindustry.entities.bullet.LaserBulletType,11,3,3,5,36,15
mindustry.entities.bullet.LightningBulletType,7,3,1,5,10,4
mindustry.entities.bullet.LiquidBulletType,12,3,1,9,29,14
mindustry.entities.bullet.MassDriverBolt,19,4,2,0,26,15
mindustry.entities.bullet.MissileBulletType,5,4,0,11,4,3
mindustry.entities.bullet.MultiBulletType,8,3,1,0,10,10
mindustry.entities.bullet.PointBulletType,11,3,1,0,20,8
mindustry.entities.bullet.PointLaserBulletType,9,3,1,1,29,23
mindustry.entities.bullet.RailBulletType,9,3,1,3,19,13
mindustry.entities.bullet.SapBulletType,13,3,2,3,35,12
mindustry.entities.bullet.ShrapnelBulletType,9,3,1,3,20,6
mindustry.entities.bullet.SpaceLiquidBulletType,5,3,1,1,9,3
mindustry.entities.comp.BlockUnitComp,9,1,1,0,20,14
mindustry.entities.comp.BuilderComp,34,1,1,0,98,86
mindustry.entities.comp.BuildingComp,92,1,38,0,494,493
mindustry.entities.comp.BuildingTetherComp,6,1,1,0,4,2
mindustry.entities.comp.BulletComp,32,1,2,0,87,57
mindustry.entities.comp.ChildComp,3,1,1,0,8,10
mindustry.entities.comp.CrawlComp,20,1,2,0,27,18
mindustry.entities.comp.DamageComp,0,1,0,0,0,0
mindustry.entities.comp.DecalComp,6,1,1,0,10,2
mindustry.entities.comp.DrawComp,1,1,2,0,2,2
mindustry.entities.comp.EffectStateComp,7,1,1,0,4,2
mindustry.entities.comp.ElevationMoveComp,6,1,1,0,3,2
mindustry.entities.comp.EntityComp,4,1,11,0,18,13
mindustry.entities.comp.FireComp,34,1,4,0,41,18
mindustry.entities.comp.HealthComp,2,1,1,0,20,21
mindustry.entities.comp.HitboxComp,3,1,5,0,16,12
mindustry.entities.comp.ItemsComp,3,1,1,0,13,10
mindustry.entities.comp.LaunchCoreComp,11,1,1,0,27,6
mindustry.entities.comp.LegsComp,26,1,1,0,58,40
mindustry.entities.comp.MechComp,13,1,1,0,32,20
mindustry.entities.comp.MinerComp,27,1,1,0,36,28
mindustry.entities.comp.OwnerComp,1,1,0,0,0,0
mindustry.entities.comp.PayloadComp,32,1,1,0,83,39
mindustry.entities.comp.PhysicsComp,4,1,1,0,7,5
mindustry.entities.comp.PlayerComp,44,1,4,0,107,73
mindustry.entities.comp.PosComp,7,1,1,0,21,15
mindustry.entities.comp.PosTeamDef,1,1,0,0,0,0
mindustry.entities.comp.PowerGraphUpdaterComp,3,1,1,0,2,1
mindustry.entities.comp.PuddleComp,25,1,3,0,37,24
mindustry.entities.comp.RotComp,1,1,0,0,0,0
mindustry.entities.comp.SegmentComp,14,1,1,0,37,31
mindustry.entities.comp.ShieldComp,11,1,1,0,13,12
mindustry.entities.comp.ShielderComp,3,1,1,0,1,1
mindustry.entities.comp.StatusComp,13,1,1,0,51,43
mindustry.entities.comp.SyncComp,5,1,10,0,17,14
mindustry.entities.comp.TankComp,21,1,1,0,31,21
mindustry.entities.comp.TeamComp,8,1,1,0,10,5
mindustry.entities.comp.TimedComp,1,1,1,0,4,3
mindustry.entities.comp.TimedKillComp,2,1,1,0,4,3
mindustry.entities.comp.TimerComp,0,1,1,0,4,2
mindustry.entities.comp.UnderwaterMoveComp,6,1,2,0,9,4
mindustry.entities.comp.UnitComp,83,1,3,0,267,232
mindustry.entities.comp.UnitTetherComp,9,1,1,0,7,6
mindustry.entities.comp.VelComp,6,1,2,0,25,16
mindustry.entities.comp.WaterCrawlComp,12,1,4,0,13,7
mindustry.entities.comp.WaterMoveComp,15,1,3,0,31,16
mindustry.entities.comp.WeaponsComp,12,1,2,0,21,21
mindustry.entities.comp.WorldLabelComp,10,1,2,0,27,16
mindustry.entities.effect.ExplosionEffect,7,2,0,10,13,2
mindustry.entities.effect.MultiEffect,6,2,1,0,5,5
mindustry.entities.effect.ParticleEffect,5,2,1,0,29,13
mindustry.entities.effect.RadialEffect,4,2,1,0,8,6
mindustry.entities.effect.SeqEffect,4,2,1,0,9,7
mindustry.entities.effect.SoundEffect,3,2,1,0,9,7
mindustry.entities.effect.WaveEffect,6,2,1,13,15,4
mindustry.entities.effect.WrapEffect,7,2,2,0,9,6
mindustry.entities.part.DrawPart,16,1,3,6,3,27
mindustry.entities.part.DrawPart.PartFunc,n/a,n/a,n/a,n/a,1,n/a
mindustry.entities.part.DrawPart.PartMove,5,1,0,0,3,3
mindustry.entities.part.DrawPart.PartParams,15,1,1,0,2,2
mindustry.entities.part.DrawPart.PartProgress,n/a,n/a,n/a,n/a,37,n/a
mindustry.entities.part.EffectSpawnerPart,9,2,1,0,15,11
mindustry.entities.part.FlarePart,8,2,2,1,11,9
mindustry.entities.part.HaloPart,6,2,2,11,17,21
mindustry.entities.part.HoverPart,4,2,2,1,10,9
mindustry.entities.part.RegionPart,13,2,1,50,41,39
mindustry.entities.part.ShapePart,6,2,2,10,16,17
mindustry.entities.pattern.ShootAlternate,5,2,1,3,7,6
mindustry.entities.pattern.ShootBarrel,5,2,1,2,5,5
mindustry.entities.pattern.ShootHelix,7,2,1,2,7,6
mindustry.entities.pattern.ShootMulti,7,2,1,0,10,9
mindustry.entities.pattern.ShootPattern,15,1,3,8,7,6
mindustry.entities.pattern.ShootPattern.BulletHandler,n/a,n/a,n/a,n/a,2,n/a
mindustry.entities.pattern.ShootSine,3,2,1,0,5,4
mindustry.entities.pattern.ShootSpread,5,2,2,1,5,5
mindustry.entities.pattern.ShootSummon,4,2,1,0,7,4
mindustry.entities.units.AIController,48,1,8,15,118,92
mindustry.entities.units.BuildPlan,89,1,1,0,35,37
mindustry.entities.units.StatusEntry,5,1,1,0,1,1
mindustry.entities.units.UnitController,n/a,n/a,n/a,n/a,8,n/a
mindustry.entities.units.WeaponMount,19,1,0,1,1,1
mindustry.game.AttackIndicators,3,1,1,0,18,8
mindustry.game.AttackIndicators.IndicatorStruct,0,1,0,0,0,0
mindustry.game.CampaignRules,21,1,1,0,6,4
mindustry.game.Difficulty,4,n/a,3,n/a,11,11
mindustry.game.EventType,1,1,0,0,0,0
mindustry.game.EventType.AdminRequestEvent,3,1,0,0,1,1
mindustry.game.EventType.AtlasPackEvent,1,1,0,0,0,0
mindustry.game.EventType.BlockBuildBeginEvent,5,1,0,0,1,1
mindustry.game.EventType.BlockBuildEndEvent,9,1,0,0,1,1
mindustry.game.EventType.BlockDestroyEvent,4,1,0,0,1,1
mindustry.game.EventType.BlockInfoEvent,1,1,0,0,0,0
mindustry.game.EventType.BuildDamageEvent,5,1,1,0,2,1
mindustry.game.EventType.BuildRotateEvent,4,1,0,0,2,1
mindustry.game.EventType.BuildSelectEvent,4,1,0,0,1,1
mindustry.game.EventType.BuildTeamChangeEvent,4,1,1,0,1,1
mindustry.game.EventType.BuildingBulletDestroyEvent,4,1,0,0,2,2
mindustry.game.EventType.BuildingCommandEvent,4,1,0,0,1,1
mindustry.game.EventType.ClientChatEvent,2,1,0,0,1,1
mindustry.game.EventType.ClientCreateEvent,2,1,0,0,0,0
mindustry.game.EventType.ClientLoadEvent,14,1,0,0,0,0
mindustry.game.EventType.ClientPreConnectEvent,3,1,0,0,1,1
mindustry.game.EventType.ClientServerConnectEvent,1,1,0,0,1,1
mindustry.game.EventType.ConfigEvent,3,1,0,0,1,1
mindustry.game.EventType.ConnectPacketEvent,3,1,0,0,1,1
mindustry.game.EventType.ConnectionEvent,2,1,0,0,1,1
mindustry.game.EventType.ContentInitEvent,2,1,0,0,0,0
mindustry.game.EventType.CoreChangeEvent,3,1,0,0,1,1
mindustry.game.EventType.CoreItemDeliverEvent,0,1,0,0,0,0
mindustry.game.EventType.DepositEvent,4,1,0,0,1,1
mindustry.game.EventType.DisposeEvent,2,1,0,0,0,0
mindustry.game.EventType.FileTreeInitEvent,1,1,0,0,0,0
mindustry.game.EventType.GameOverEvent,4,1,0,0,1,1
mindustry.game.EventType.GeneratorPressureExplodeEvent,3,1,0,0,1,1
mindustry.game.EventType.HostEvent,2,1,0,0,0,0
mindustry.game.EventType.LaunchItemEvent,3,1,0,0,1,1
mindustry.game.EventType.LineConfirmEvent,2,1,0,0,2,1
mindustry.game.EventType.LoseEvent,1,1,0,0,0,0
mindustry.game.EventType.MapMakeEvent,2,1,0,0,0,0
mindustry.game.EventType.MapPublishEvent,2,1,0,0,0,0
mindustry.game.EventType.MenuOptionChooseEvent,2,1,0,0,1,1
mindustry.game.EventType.ModContentLoadEvent,1,1,0,0,0,0
mindustry.game.EventType.MusicRegisterEvent,1,1,0,0,0,0
mindustry.game.EventType.PayloadDropEvent,5,1,0,0,2,2
mindustry.game.EventType.PickupEvent,4,1,0,0,2,2
mindustry.game.EventType.PlayEvent,3,1,0,0,0,0
mindustry.game.EventType.PlayerBanEvent,2,1,0,0,1,1
mindustry.game.EventType.PlayerChatEvent,2,1,0,0,1,1
mindustry.game.EventType.PlayerConnect,2,1,0,0,1,1
mindustry.game.EventType.PlayerConnectionConfirmed,2,1,0,0,1,1
mindustry.game.EventType.PlayerIpBanEvent,2,1,0,0,1,1
mindustry.game.EventType.PlayerIpUnbanEvent,2,1,0,0,1,1
mindustry.game.EventType.PlayerJoin,3,1,0,0,1,1
mindustry.game.EventType.PlayerLeave,2,1,0,0,1,1
mindustry.game.EventType.PlayerUnbanEvent,2,1,0,0,1,1
mindustry.game.EventType.ResearchEvent,3,1,0,0,1,1
mindustry.game.EventType.ResetEvent,20,1,0,0,0,0
mindustry.game.EventType.ResizeEvent,4,1,0,0,0,0
mindustry.game.EventType.SaveLoadEvent,3,1,0,0,1,1
mindustry.game.EventType.SaveWriteEvent,2,1,0,0,0,0
mindustry.game.EventType.SchematicCreateEvent,3,1,0,0,1,1
mindustry.game.EventType.SectorCaptureEvent,6,1,0,0,1,1
mindustry.game.EventType.SectorInvasionEvent,3,1,0,0,1,1
mindustry.game.EventType.SectorLaunchEvent,3,1,0,0,1,1
mindustry.game.EventType.SectorLaunchLoadoutEvent,4,1,0,0,1,1
mindustry.game.EventType.SectorLoseEvent,4,1,0,0,1,1
mindustry.game.EventType.ServerLoadEvent,2,1,0,0,0,0
mindustry.game.EventType.StateChangeEvent,5,1,0,0,1,1
mindustry.game.EventType.TapEvent,3,1,0,0,1,1
mindustry.game.EventType.TextInputEvent,2,1,0,0,1,1
mindustry.game.EventType.TileChangeEvent,8,1,1,0,1,1
mindustry.game.EventType.TileFloorChangeEvent,3,1,1,0,1,1
mindustry.game.EventType.TileOverlayChangeEvent,3,1,1,0,1,1
mindustry.game.EventType.TilePreChangeEvent,6,1,1,0,1,1
mindustry.game.EventType.Trigger,40,n/a,2,n/a,2,0
mindustry.game.EventType.TurnEvent,2,1,0,0,0,0
mindustry.game.EventType.TurretAmmoDeliverEvent,0,1,0,0,0,0
mindustry.game.EventType.UnitBulletDestroyEvent,5,1,0,0,2,2
mindustry.game.EventType.UnitChangeEvent,3,1,0,0,1,1
mindustry.game.EventType.UnitControlEvent,4,1,0,0,1,1
mindustry.game.EventType.UnitCreateEvent,8,1,0,0,2,2
mindustry.game.EventType.UnitDamageEvent,4,1,1,0,1,1
mindustry.game.EventType.UnitDestroyEvent,7,1,0,0,1,1
mindustry.game.EventType.UnitDrownEvent,3,1,0,0,1,1
mindustry.game.EventType.UnitSpawnEvent,2,1,0,0,1,1
mindustry.game.EventType.UnitUnloadEvent,2,1,0,0,1,1
mindustry.game.EventType.UnlockEvent,6,1,0,0,1,1
mindustry.game.EventType.WaveEvent,7,1,0,0,0,0
mindustry.game.EventType.WinEvent,2,1,0,0,0,0
mindustry.game.EventType.WithdrawEvent,5,1,0,0,1,1
mindustry.game.EventType.WorldLoadBeginEvent,1,1,0,0,0,0
mindustry.game.EventType.WorldLoadEndEvent,1,1,0,0,0,0
mindustry.game.EventType.WorldLoadEvent,20,1,0,0,0,0
mindustry.game.FogControl,40,1,1,0,75,89
mindustry.game.FogControl.DynamicFogThread,1,2,1,0,7,3
mindustry.game.FogControl.FogData,1,1,0,0,2,1
mindustry.game.FogControl.FogEventStruct,0,1,0,0,0,0
mindustry.game.FogControl.StaticFogThread,1,2,1,0,5,3
mindustry.game.GameStats,12,1,0,0,1,0
mindustry.game.Gamemode,17,n/a,5,n/a,15,8
mindustry.game.MapMarkers,7,1,1,0,22,13
mindustry.game.MapObjectives,38,1,4,0,46,24
mindustry.game.MapObjectives.Alignment,n/a,n/a,n/a,n/a,2,n/a
mindustry.game.MapObjectives.BuildCountObjective,8,2,1,0,8,6
mindustry.game.MapObjectives.CommandModeObjective,8,2,2,0,7,2
mindustry.game.MapObjectives.CoreItemObjective,8,2,1,0,8,6
mindustry.game.MapObjectives.DestroyBlockObjective,9,2,1,0,10,6
mindustry.game.MapObjectives.DestroyBlocksObjective,10,2,1,0,9,9
mindustry.game.MapObjectives.DestroyCoreObjective,6,2,2,0,4,2
mindustry.game.MapObjectives.DestroyUnitsObjective,5,2,1,0,5,4
mindustry.game.MapObjectives.FlagObjective,6,2,1,0,10,7
mindustry.game.MapObjectives.Immutable,n/a,n/a,n/a,n/a,0,n/a
mindustry.game.MapObjectives.ItemObjective,10,2,1,0,10,6
mindustry.game.MapObjectives.LabelFlag,n/a,n/a,n/a,n/a,0,n/a
mindustry.game.MapObjectives.LineMarker,6,3,1,0,17,16
mindustry.game.MapObjectives.MapObjective,29,1,8,13,25,19
mindustry.game.MapObjectives.Multiline,n/a,n/a,n/a,n/a,0,n/a
mindustry.game.MapObjectives.ObjectiveMarker,24,1,5,2,19,14
mindustry.game.MapObjectives.PointMarker,5,3,1,0,17,7
mindustry.game.MapObjectives.PosMarker,9,2,1,6,4,5
mindustry.game.MapObjectives.ProduceObjective,4,2,1,0,8,6
mindustry.game.MapObjectives.QuadMarker,5,2,1,0,22,32
mindustry.game.MapObjectives.ResearchObjective,4,2,1,0,8,6
mindustry.game.MapObjectives.Researchable,n/a,n/a,n/a,n/a,0,n/a
mindustry.game.MapObjectives.Second,n/a,n/a,n/a,n/a,0,n/a
mindustry.game.MapObjectives.ShapeMarker,5,3,1,0,18,12
mindustry.game.MapObjectives.ShapeTextMarker,6,3,1,0,23,14
mindustry.game.MapObjectives.Synthetic,n/a,n/a,n/a,n/a,0,n/a
mindustry.game.MapObjectives.TextMarker,5,3,1,0,13,11
mindustry.game.MapObjectives.TextureMarker,5,3,1,0,19,14
mindustry.game.MapObjectives.TilePos,n/a,n/a,n/a,n/a,0,n/a
mindustry.game.MapObjectives.TimerObjective,6,2,1,0,15,10
mindustry.game.MapObjectives.UnitCountObjective,10,2,1,0,9,6
mindustry.game.MapObjectives.Unordered,n/a,n/a,n/a,n/a,0,n/a
mindustry.game.MapObjectives.Vertices,n/a,n/a,n/a,n/a,0,n/a
mindustry.game.Objectives,1,1,0,0,0,1
mindustry.game.Objectives.Objective,n/a,n/a,n/a,n/a,3,n/a
mindustry.game.Objectives.OnPlanet,6,1,1,0,6,4
mindustry.game.Objectives.OnSector,7,1,1,0,6,4
mindustry.game.Objectives.Produce,5,1,1,0,7,5
mindustry.game.Objectives.Research,7,1,1,0,7,5
mindustry.game.Objectives.SectorComplete,10,1,1,0,7,4
mindustry.game.Rules,181,1,6,1,26,19
mindustry.game.Rules.TeamRule,23,1,0,0,0,0
mindustry.game.Rules.TeamRules,6,1,1,0,6,7
mindustry.game.Saves,28,1,1,0,72,38
mindustry.game.Saves.SaveSlot,26,1,1,0,68,40
mindustry.game.Schematic,31,1,3,0,36,22
mindustry.game.Schematic.Stile,9,1,1,0,4,4
mindustry.game.Schematics,63,1,1,0,227,117
mindustry.game.SectorInfo,49,1,1,0,69,53
mindustry.game.SectorInfo.ExportStat,4,1,0,0,2,1
mindustry.game.SpawnGroup,29,1,2,35,45,42
mindustry.game.Team,194,1,3,0,43,27
mindustry.game.Teams,44,1,2,0,54,62
mindustry.game.Teams.BlockPlan,13,1,0,0,2,2
mindustry.game.Teams.TeamData,64,1,2,0,54,36
mindustry.game.Universe,34,1,1,0,85,64
mindustry.game.Waves,14,1,1,0,21,23
mindustry.graphics.BlockRenderer,40,1,1,0,137,96
mindustry.graphics.BlockRenderer.BlockLightQuadtree,3,2,2,0,8,3
mindustry.graphics.BlockRenderer.BlockQuadtree,3,2,2,0,8,3
mindustry.graphics.BlockRenderer.FloorQuadtree,4,2,2,0,8,3
mindustry.graphics.CacheLayer,15,1,3,1,10,9
mindustry.graphics.CacheLayer.ShaderLayer,5,2,1,0,9,6
mindustry.graphics.CubemapMesh,2,1,1,0,18,4
mindustry.graphics.DebugCollisionRenderer,13,1,1,0,34,11
mindustry.graphics.Drawf,125,1,5,0,147,82
mindustry.graphics.EnvRenderers,9,1,1,0,34,4
mindustry.graphics.FloorRenderer,15,1,1,0,81,59
mindustry.graphics.FloorRenderer.ChunkMesh,1,2,0,0,4,1
mindustry.graphics.FloorRenderer.FloorRenderBatch,2,2,3,0,10,9
mindustry.graphics.FogRenderer,20,1,1,0,51,22
mindustry.graphics.GpuDetect,2,1,1,0,13,2
mindustry.graphics.InverseKinematics,1,1,1,0,16,3
mindustry.graphics.Layer,96,1,0,0,0,0
mindustry.graphics.LightRenderer,10,1,1,0,40,16
mindustry.graphics.LightRenderer.CircleLight,1,1,1,0,1,1
mindustry.graphics.LoadRenderer,12,1,1,0,121,61
mindustry.graphics.LoadRenderer.Bar,1,1,3,0,8,5
mindustry.graphics.MenuRenderer,15,1,1,0,79,35
mindustry.graphics.MinimapRenderer,44,1,1,0,130,62
mindustry.graphics.MultiPacker,13,1,2,1,31,27
mindustry.graphics.MultiPacker.PageType,11,n/a,2,n/a,5,3
mindustry.graphics.NvGpuInfo,1,1,1,0,5,6
mindustry.graphics.OverlayRenderer,41,1,1,0,118,56
mindustry.graphics.OverlayRenderer.CoreEdge,4,1,1,0,3,7
mindustry.graphics.Pal,181,1,0,0,5,0
mindustry.graphics.ParticleRenderer,3,1,1,0,33,20
mindustry.graphics.Pixelator,4,1,1,0,23,7
mindustry.graphics.Shaders,42,1,2,0,20,3
mindustry.graphics.Shaders.AtmosphereShader,3,3,1,0,15,2
mindustry.graphics.Shaders.BlockBuildShader,6,3,1,0,6,3
mindustry.graphics.Shaders.BuildBeamShader,2,3,1,0,6,2
mindustry.graphics.Shaders.CloudShader,7,3,1,0,13,2
mindustry.graphics.Shaders.DarknessShader,2,3,0,0,2,1
mindustry.graphics.Shaders.FogShader,2,3,0,0,2,1
mindustry.graphics.Shaders.LightShader,3,3,1,0,5,2
mindustry.graphics.Shaders.LoadShader,15,2,0,14,3,1
mindustry.graphics.Shaders.MeshShader,2,3,0,0,2,1
mindustry.graphics.Shaders.PlanetGridShader,3,3,1,0,5,2
mindustry.graphics.Shaders.PlanetShader,7,3,1,0,13,3
mindustry.graphics.Shaders.ShieldShader,2,3,1,0,6,2
mindustry.graphics.Shaders.ShockwaveShader,5,3,1,0,25,14
mindustry.graphics.Shaders.SpaceShader,4,3,1,0,13,2
mindustry.graphics.Shaders.SurfaceShader,4,2,1,2,18,7
mindustry.graphics.Shaders.UnitArmorShader,3,3,1,0,5,2
mindustry.graphics.Shaders.UnitBuildShader,3,3,1,0,7,2
mindustry.graphics.Trail,7,1,1,0,24,22
mindustry.graphics.Voronoi,6,1,1,0,25,100
mindustry.graphics.Voronoi.Edge,3,1,0,0,0,0
mindustry.graphics.Voronoi.GraphEdge,2,1,0,0,0,0
mindustry.graphics.Voronoi.Halfedge,3,1,0,0,0,0
mindustry.graphics.Voronoi.Site,3,1,0,0,1,0
mindustry.graphics.g3d.GenericMesh,n/a,n/a,n/a,n/a,1,n/a
mindustry.graphics.g3d.HexMesh,10,2,1,2,13,4
mindustry.graphics.g3d.HexMesher,n/a,n/a,n/a,n/a,5,n/a
mindustry.graphics.g3d.HexSkyMesh,8,2,1,0,21,10
mindustry.graphics.g3d.MatMesh,4,1,1,0,8,3
mindustry.graphics.g3d.MeshBuilder,13,1,1,0,50,45
mindustry.graphics.g3d.MultiMesh,4,1,1,0,5,5
mindustry.graphics.g3d.NoiseMesh,7,3,0,0,3,7
mindustry.graphics.g3d.PlanetGrid,7,1,4,0,20,47
mindustry.graphics.g3d.PlanetGrid.Corner,6,1,0,0,2,1
mindustry.graphics.g3d.PlanetGrid.Edge,3,1,0,0,1,1
mindustry.graphics.g3d.PlanetGrid.Ptile,13,1,0,0,3,2
mindustry.graphics.g3d.PlanetMesh,7,1,1,3,11,6
mindustry.graphics.g3d.PlanetParams,16,1,0,1,1,0
mindustry.graphics.g3d.PlanetRenderer,12,1,1,0,87,35
mindustry.graphics.g3d.PlanetRenderer.PlanetInterfaceRenderer,n/a,n/a,n/a,n/a,3,n/a
mindustry.graphics.g3d.ShaderSphereMesh,4,2,0,0,3,1
mindustry.graphics.g3d.SunMesh,6,3,0,0,2,3
mindustry.input.Binding,19,1,1,0,5,2
mindustry.input.BuildPlansCommand,4,2,3,0,8,6
mindustry.input.Command,n/a,n/a,n/a,n/a,4,n/a
mindustry.input.CommandAbstract,3,1,3,2,3,3
mindustry.input.Commander,2,1,1,0,15,8
mindustry.input.DesktopInput,51,2,1,0,263,211
mindustry.input.InputHandler,127,1,6,2,550,500
mindustry.input.InputHandler.PlaceLine,1,1,0,0,0,0
mindustry.input.MobileInput,49,2,1,0,272,193
mindustry.input.PlaceMode,2,n/a,2,n/a,2,0
mindustry.input.Placement,24,1,2,0,81,77
mindustry.input.Placement.NormalizeDrawResult,2,1,0,0,0,0
mindustry.input.Placement.NormalizeResult,3,1,0,0,0,0
mindustry.input.RemoveSelectionCommand,3,2,1,0,3,2
mindustry.io.JsonIO,49,1,2,0,30,65
mindustry.io.JsonIO.CustomJson,1,2,1,0,9,4
mindustry.io.MapIO,26,1,3,0,57,52
mindustry.io.SaveFileReader,14,1,7,1,39,21
mindustry.io.SaveFileReader.CustomChunk,n/a,n/a,n/a,n/a,5,n/a
mindustry.io.SaveFileReader.IORunner,n/a,n/a,n/a,n/a,1,n/a
mindustry.io.SaveFileReader.IORunnerLength,n/a,n/a,n/a,n/a,1,n/a
mindustry.io.SaveIO,33,1,1,0,71,29
mindustry.io.SaveIO.SaveException,4,4,0,0,2,1
mindustry.io.SaveMeta,14,1,0,0,7,1
mindustry.io.SavePreviewLoader,1,4,1,0,8,2
mindustry.io.SaveVersion,59,2,2,2,161,92
mindustry.io.TypeIO,71,1,32,0,205,273
mindustry.io.TypeIO.Boxed,n/a,n/a,n/a,n/a,1,n/a
mindustry.io.TypeIO.BuildingBox,5,1,1,0,4,3
mindustry.io.TypeIO.ContentMapper,n/a,n/a,n/a,n/a,1,n/a
mindustry.io.TypeIO.UnitBox,5,1,1,0,4,3
mindustry.io.versions.LegacyIO,3,1,1,0,11,3
mindustry.io.versions.LegacyRegionSaveVersion,10,4,1,3,7,2
mindustry.io.versions.LegacySaveVersion,18,5,2,3,32,20
mindustry.io.versions.LegacySaveVersion2,6,5,1,2,10,4
mindustry.io.versions.Save1,2,6,1,0,4,2
mindustry.io.versions.Save10,2,3,0,0,2,1
mindustry.io.versions.Save2,2,6,1,0,4,2
mindustry.io.versions.Save3,7,6,1,0,11,4
mindustry.io.versions.Save4,4,6,1,0,5,2
mindustry.io.versions.Save5,2,6,0,0,2,1
mindustry.io.versions.Save6,2,5,0,0,2,1
mindustry.io.versions.Save7,2,4,0,0,2,1
mindustry.io.versions.Save8,2,4,0,0,2,1
mindustry.io.versions.Save9,2,4,0,0,2,1
mindustry.io.versions.ShortChunkSaveVersion,18,3,2,4,35,22
mindustry.ios.IOSLauncher,13,6,2,0,51,28
mindustry.logic.ConditionOp,7,n/a,3,n/a,12,6
mindustry.logic.ConditionOp.CondObjOpLambda,n/a,n/a,n/a,n/a,1,n/a
mindustry.logic.ConditionOp.CondOpLambda,n/a,n/a,n/a,n/a,1,n/a
mindustry.logic.Controllable,n/a,n/a,n/a,n/a,3,n/a
mindustry.logic.CutsceneAction,2,n/a,2,n/a,2,0
mindustry.logic.FetchType,2,n/a,2,n/a,2,0
mindustry.logic.GlobalVars,38,1,1,0,66,46
mindustry.logic.GlobalVars.VarEntry,2,1,0,0,2,2
mindustry.logic.GlobalVarsDialog,8,7,1,0,45,5
mindustry.logic.LAccess,55,n/a,2,n/a,6,2
mindustry.logic.LAssembler,61,1,2,0,48,33
mindustry.logic.LCanvas,16,5,2,0,68,30
mindustry.logic.LCanvas.DragLayout,5,4,1,0,49,39
mindustry.logic.LCanvas.JumpButton,7,7,1,0,17,9
mindustry.logic.LCanvas.JumpCurve,5,2,1,0,31,21
mindustry.logic.LCanvas.StatementElem,10,5,3,0,49,11
mindustry.logic.LCategory,54,1,2,0,8,5
mindustry.logic.LExecutor,81,1,3,0,53,44
mindustry.logic.LExecutor.ApplyEffectI,9,1,1,0,9,6
mindustry.logic.LExecutor.ClientDataI,5,1,1,0,7,6
mindustry.logic.LExecutor.ControlI,7,1,1,0,10,7
mindustry.logic.LExecutor.CutsceneI,9,1,1,0,7,4
mindustry.logic.LExecutor.DrawFlushI,7,1,1,0,7,5
mindustry.logic.LExecutor.DrawI,10,1,1,0,25,22
mindustry.logic.LExecutor.EffectI,7,1,1,0,10,5
mindustry.logic.LExecutor.EndI,5,1,1,0,1,1
mindustry.logic.LExecutor.ExplosionI,9,1,1,0,10,4
mindustry.logic.LExecutor.FetchI,13,1,1,0,14,20
mindustry.logic.LExecutor.FlushMessageI,12,1,1,0,17,8
mindustry.logic.LExecutor.FormatI,5,1,1,0,9,11
mindustry.logic.LExecutor.GetBlockI,8,1,1,0,10,4
mindustry.logic.LExecutor.GetFlagI,7,1,1,0,7,4
mindustry.logic.LExecutor.GetLinkI,5,1,1,0,5,4
mindustry.logic.LExecutor.JumpI,5,1,1,0,4,4
mindustry.logic.LExecutor.LInstruction,n/a,n/a,n/a,n/a,1,n/a
mindustry.logic.LExecutor.LocalePrintI,8,1,1,0,8,7
mindustry.logic.LExecutor.LookupI,7,1,1,0,6,3
mindustry.logic.LExecutor.MakeMarkerI,10,1,1,0,12,5
mindustry.logic.LExecutor.NoopI,3,1,1,0,1,1
mindustry.logic.LExecutor.OpI,8,1,1,0,10,7
mindustry.logic.LExecutor.PackColorI,4,1,1,0,7,3
mindustry.logic.LExecutor.PlaySoundI,6,1,1,0,12,5
mindustry.logic.LExecutor.PrintCharI,5,1,1,0,7,6
mindustry.logic.LExecutor.PrintFlushI,7,1,1,0,9,4
mindustry.logic.LExecutor.PrintI,13,1,1,0,11,15
mindustry.logic.LExecutor.RadarI,25,1,1,0,22,17
mindustry.logic.LExecutor.ReadI,5,1,1,0,10,7
mindustry.logic.LExecutor.SelectI,5,1,1,0,5,5
mindustry.logic.LExecutor.SenseI,7,1,1,0,10,9
mindustry.logic.LExecutor.SenseWeatherI,5,1,1,0,5,2
mindustry.logic.LExecutor.SetBlockI,14,1,1,0,19,10
mindustry.logic.LExecutor.SetFlagI,8,1,1,0,7,4
mindustry.logic.LExecutor.SetI,4,1,1,0,4,4
mindustry.logic.LExecutor.SetMarkerI,10,1,1,0,15,8
mindustry.logic.LExecutor.SetPropI,7,1,1,0,8,7
mindustry.logic.LExecutor.SetRateI,7,1,1,0,5,4
mindustry.logic.LExecutor.SetRuleI,16,1,1,0,19,11
mindustry.logic.LExecutor.SetWeatherI,7,1,1,0,9,6
mindustry.logic.LExecutor.SpawnUnitI,12,1,1,0,13,5
mindustry.logic.LExecutor.SpawnWaveI,12,1,1,0,13,8
mindustry.logic.LExecutor.StopI,4,1,1,0,1,1
mindustry.logic.LExecutor.SyncI,5,1,1,0,6,5
mindustry.logic.LExecutor.UnitBindI,12,1,1,0,10,8
mindustry.logic.LExecutor.UnitControlI,39,1,1,0,68,40
mindustry.logic.LExecutor.UnitLocateI,19,1,1,0,23,13
mindustry.logic.LExecutor.UnitLocateI.Cache,2,1,0,0,0,0
mindustry.logic.LExecutor.UnpackColorI,4,1,1,0,6,3
mindustry.logic.LExecutor.WaitI,4,1,1,0,4,4
mindustry.logic.LExecutor.WriteI,5,1,1,0,6,5
mindustry.logic.LLocate,2,n/a,2,n/a,2,0
mindustry.logic.LMarkerControl,14,n/a,2,n/a,3,1
mindustry.logic.LParser,8,1,1,0,32,38
mindustry.logic.LParser.JumpIndex,2,1,0,0,1,1
mindustry.logic.LReadable,n/a,n/a,n/a,n/a,2,n/a
mindustry.logic.LStatement,67,1,14,50,121,47
mindustry.logic.LStatements,0,1,0,0,0,0
mindustry.logic.LStatements.ApplyStatusStatement,10,2,3,0,28,8
mindustry.logic.LStatements.ClientDataStatement,8,2,4,0,9,6
mindustry.logic.LStatements.CommentStatement,4,2,2,0,8,2
mindustry.logic.LStatements.ControlStatement,8,2,2,0,22,12
mindustry.logic.LStatements.CutsceneStatement,7,2,3,0,22,5
mindustry.logic.LStatements.DrawFlushStatement,5,2,2,0,7,3
mindustry.logic.LStatements.DrawStatement,7,2,2,0,34,12
mindustry.logic.LStatements.EffectStatement,11,2,3,0,26,10
mindustry.logic.LStatements.EndStatement,5,2,3,0,3,3
mindustry.logic.LStatements.ExplosionStatement,5,2,3,0,9,4
mindustry.logic.LStatements.FetchStatement,7,2,3,0,25,8
mindustry.logic.LStatements.FlushMessageStatement,7,2,3,0,23,5
mindustry.logic.LStatements.FormatStatement,5,2,2,0,9,3
mindustry.logic.LStatements.GetBlockStatement,7,2,3,0,17,4
mindustry.logic.LStatements.GetFlagStatement,6,2,3,0,10,5
mindustry.logic.LStatements.GetLinkStatement,5,2,2,0,7,3
mindustry.logic.LStatements.InvalidStatement,6,2,2,0,2,2
mindustry.logic.LStatements.JumpStatement,12,2,2,0,36,16
mindustry.logic.LStatements.LocalePrintStatement,5,2,3,0,10,4
mindustry.logic.LStatements.LookupStatement,8,2,2,0,17,3
mindustry.logic.LStatements.MakeMarkerStatement,7,2,3,0,18,4
mindustry.logic.LStatements.OperationStatement,8,2,1,0,27,9
mindustry.logic.LStatements.PackColorStatement,5,2,2,0,8,3
mindustry.logic.LStatements.PlaySoundStatement,8,2,3,0,28,8
mindustry.logic.LStatements.PrintCharStatement,7,2,2,0,23,5
mindustry.logic.LStatements.PrintFlushStatement,5,2,2,0,7,3
mindustry.logic.LStatements.PrintStatement,5,2,2,0,9,3
mindustry.logic.LStatements.RadarStatement,9,2,2,1,22,12
mindustry.logic.LStatements.ReadStatement,5,2,2,0,9,3
mindustry.logic.LStatements.SelectStatement,7,2,2,0,17,4
mindustry.logic.LStatements.SensorStatement,18,2,2,0,52,18
mindustry.logic.LStatements.SetBlockStatement,7,2,3,0,19,6
mindustry.logic.LStatements.SetFlagStatement,6,2,3,0,10,5
mindustry.logic.LStatements.SetMarkerStatement,10,2,3,0,41,17
mindustry.logic.LStatements.SetPropStatement,16,2,3,0,50,13
mindustry.logic.LStatements.SetRateStatement,5,2,3,0,7,4
mindustry.logic.LStatements.SetRuleStatement,7,2,3,0,27,6
mindustry.logic.LStatements.SetStatement,5,2,2,0,7,3
mindustry.logic.LStatements.SpawnUnitStatement,6,2,3,0,15,6
mindustry.logic.LStatements.SpawnWaveStatement,5,2,3,0,10,4
mindustry.logic.LStatements.StopStatement,5,2,3,0,3,3
mindustry.logic.LStatements.SyncStatement,5,2,3,0,8,4
mindustry.logic.LStatements.UnitBindStatement,12,2,2,0,28,6
mindustry.logic.LStatements.UnitControlStatement,12,2,2,0,23,16
mindustry.logic.LStatements.UnitLocateStatement,14,2,2,0,34,8
mindustry.logic.LStatements.UnitRadarStatement,5,3,3,0,6,4
mindustry.logic.LStatements.UnpackColorStatement,5,2,2,0,8,3
mindustry.logic.LStatements.WaitStatement,5,2,2,0,7,3
mindustry.logic.LStatements.WeatherSenseStatement,11,2,3,0,30,6
mindustry.logic.LStatements.WeatherSetStatement,11,2,3,0,30,6
mindustry.logic.LStatements.WriteStatement,5,2,2,0,9,3
mindustry.logic.LUnitControl,3,n/a,2,n/a,3,1
mindustry.logic.LVar,63,1,1,0,22,45
mindustry.logic.LWritable,n/a,n/a,n/a,n/a,2,n/a
mindustry.logic.LogicDialog,28,7,1,0,133,49
mindustry.logic.LogicFx,5,1,1,0,18,4
mindustry.logic.LogicFx.EffectEntry,6,1,6,0,7,7
mindustry.logic.LogicOp,6,n/a,2,n/a,22,14
mindustry.logic.LogicOp.OpLambda1,n/a,n/a,n/a,n/a,1,n/a
mindustry.logic.LogicOp.OpLambda2,n/a,n/a,n/a,n/a,1,n/a
mindustry.logic.LogicOp.OpObjLambda2,n/a,n/a,n/a,n/a,1,n/a
mindustry.logic.LogicRule,2,n/a,2,n/a,2,0
mindustry.logic.MessageType,2,n/a,2,n/a,2,0
mindustry.logic.RadarSort,4,n/a,2,n/a,8,1
mindustry.logic.RadarSort.RadarSortFunc,n/a,n/a,n/a,n/a,1,n/a
mindustry.logic.RadarTarget,7,n/a,2,n/a,8,1
mindustry.logic.RadarTarget.RadarTargetFunc,n/a,n/a,n/a,n/a,1,n/a
mindustry.logic.Ranged,n/a,n/a,n/a,n/a,1,n/a
mindustry.logic.Senseable,n/a,n/a,n/a,n/a,4,n/a
mindustry.logic.Settable,n/a,n/a,n/a,n/a,3,n/a
mindustry.logic.TileLayer,4,n/a,2,n/a,2,0
mindustry.maps.Map,47,1,4,0,69,45
mindustry.maps.MapException,3,4,0,0,2,1
mindustry.maps.MapPreviewLoader,12,4,4,0,29,10
mindustry.maps.MapPreviewLoader.MapPreviewParameter,3,3,0,0,1,1
mindustry.maps.Maps,55,1,5,0,135,67
mindustry.maps.Maps.MapProvider,n/a,n/a,n/a,n/a,1,n/a
mindustry.maps.Maps.ShuffleMode,6,n/a,4,n/a,15,7
mindustry.maps.SectorDamage,45,1,1,0,86,102
mindustry.maps.SectorSubmissions,8,1,1,0,12,9
mindustry.maps.SectorSubmissions.MapSubmission,1,1,0,0,0,0
mindustry.maps.filters.BlendFilter,10,2,3,0,11,11
mindustry.maps.filters.ClearFilter,8,2,2,0,6,9
mindustry.maps.filters.CoreSpawnFilter,11,2,4,0,15,7
mindustry.maps.filters.DistortFilter,8,2,3,0,12,5
mindustry.maps.filters.EnemySpawnFilter,9,2,3,0,15,7
mindustry.maps.filters.FilterOption,27,1,1,4,4,0
mindustry.maps.filters.FilterOption.BlockOption,18,2,1,0,33,9
mindustry.maps.filters.FilterOption.SliderOption,15,2,1,0,29,6
mindustry.maps.filters.FilterOption.ToggleOption,3,2,1,0,12,2
mindustry.maps.filters.GenerateFilter,34,1,8,16,48,28
mindustry.maps.filters.GenerateFilter.GenerateInput,22,1,2,0,10,4
mindustry.maps.filters.GenerateFilter.GenerateInput.TileProvider,n/a,n/a,n/a,n/a,1,n/a
mindustry.maps.filters.GenerateFilter.PackTileStruct,0,1,0,0,0,0
mindustry.maps.filters.LogicFilter,16,2,3,0,9,7
mindustry.maps.filters.MedianFilter,11,2,3,0,17,8
mindustry.maps.filters.MirrorFilter,10,2,2,0,35,12
mindustry.maps.filters.NoiseFilter,9,2,2,0,6,6
mindustry.maps.filters.OreFilter,10,2,2,0,8,4
mindustry.maps.filters.OreMedianFilter,12,2,3,0,17,11
mindustry.maps.filters.RandomItemFilter,11,2,3,0,9,7
mindustry.maps.filters.RiverNoiseFilter,9,2,2,0,6,7
mindustry.maps.filters.ScatterFilter,9,2,2,0,7,6
mindustry.maps.filters.SpawnPathFilter,19,2,3,0,23,15
mindustry.maps.filters.TerrainFilter,9,2,2,0,7,5
mindustry.maps.generators.BaseGenerator,37,1,1,0,70,69
mindustry.maps.generators.BasicGenerator,24,1,1,1,90,118
mindustry.maps.generators.BlankPlanetGenerator,7,3,2,1,5,2
mindustry.maps.generators.FileMapGenerator,31,1,1,0,31,24
mindustry.maps.generators.PlanetGenerator,41,2,8,4,61,43
mindustry.maps.generators.WorldGenerator,n/a,n/a,n/a,n/a,2,n/a
mindustry.maps.planet.AsteroidGenerator,19,4,2,0,28,22
mindustry.maps.planet.ErekirPlanetGenerator,25,3,2,0,56,76
mindustry.maps.planet.SerpuloPlanetGenerator,35,3,2,0,125,148
mindustry.maps.planet.TantrosPlanetGenerator,13,3,5,0,26,14
mindustry.mod.ClassLoaderCloser,1,1,1,0,2,2
mindustry.mod.ClassMap,497,1,0,0,2,0
mindustry.mod.ContentParser,119,1,8,0,193,211
mindustry.mod.ContentParser.FieldParser,n/a,n/a,n/a,n/a,1,n/a
mindustry.mod.ContentParser.ParseListener,n/a,n/a,n/a,n/a,1,n/a
mindustry.mod.ContentParser.TypeParser,n/a,n/a,n/a,n/a,1,n/a
mindustry.mod.ContentParser.UnitReq,4,1,0,0,0,0
mindustry.mod.Mod,9,1,5,1,8,6
mindustry.mod.ModClassLoader,1,2,1,0,12,7
mindustry.mod.ModListing,1,1,0,0,1,1
mindustry.mod.Mods,58,1,1,0,240,204
mindustry.mod.Mods.LoadedMod,34,1,7,0,41,29
mindustry.mod.Mods.ModDependency,2,1,0,0,1,1
mindustry.mod.Mods.ModLoadException,1,4,0,0,2,1
mindustry.mod.Mods.ModMeta,10,1,2,0,13,16
mindustry.mod.Mods.ModResolutionContext,3,1,0,0,4,0
mindustry.mod.Mods.ModState,4,n/a,2,n/a,2,0
mindustry.mod.Plugin,2,2,0,0,0,0
mindustry.mod.Scripts,7,1,4,0,42,27
mindustry.mod.Scripts.ScriptModuleProvider,4,3,1,0,17,8
mindustry.net.Administration,29,1,6,0,105,89
mindustry.net.Administration.ActionFilter,n/a,n/a,n/a,n/a,1,n/a
mindustry.net.Administration.ActionType,4,n/a,2,n/a,2,0
mindustry.net.Administration.ChatFilter,n/a,n/a,n/a,n/a,1,n/a
mindustry.net.Administration.Config,9,1,1,0,24,17
mindustry.net.Administration.PlayerAction,11,1,1,0,3,3
mindustry.net.Administration.PlayerInfo,7,1,1,0,7,3
mindustry.net.Administration.TraceInfo,4,1,0,0,1,1
mindustry.net.ArcNetProvider,19,1,1,0,88,38
mindustry.net.ArcNetProvider.ArcConnection,6,2,1,0,16,11
mindustry.net.ArcNetProvider.PacketSerializer,6,1,1,0,42,26
mindustry.net.BeControl,13,1,2,0,78,20
mindustry.net.CrashHandler,10,1,1,0,60,30
mindustry.net.Host,11,1,0,0,2,2
mindustry.net.Net,100,1,1,0,105,68
mindustry.net.Net.NetProvider,n/a,n/a,n/a,n/a,11,n/a
mindustry.net.NetConnection,26,1,3,2,27,16
mindustry.net.NetworkIO,27,1,1,0,72,17
mindustry.net.Packet,11,1,6,144,10,7
mindustry.net.Packets,0,1,0,0,0,0
mindustry.net.Packets.AdminAction,5,n/a,2,n/a,2,0
mindustry.net.Packets.Connect,5,2,1,0,1,1
mindustry.net.Packets.ConnectPacket,9,2,2,0,21,6
mindustry.net.Packets.Disconnect,5,2,1,0,1,1
mindustry.net.Packets.KickReason,11,n/a,3,n/a,9,4
mindustry.net.Packets.StreamBegin,5,2,1,0,6,2
mindustry.net.Packets.StreamChunk,7,2,1,0,8,2
mindustry.net.Packets.WorldStream,4,3,0,0,0,0
mindustry.net.ServerGroup,3,1,1,0,11,10
mindustry.net.Streamable,7,2,1,1,1,1
mindustry.net.Streamable.StreamBuilder,3,1,1,0,12,5
mindustry.net.ValidateException,4,4,0,0,2,1
mindustry.net.WorldReloader,11,1,1,0,17,11
mindustry.server.ServerControl,46,1,1,0,238,178
mindustry.server.ServerLauncher,18,1,1,0,36,8
mindustry.service.Achievement,7,n/a,3,n/a,16,11
mindustry.service.GameService,91,1,8,1,98,114
mindustry.service.SStat,3,n/a,3,n/a,12,7
mindustry.tools.Generators,36,1,1,0,137,160
mindustry.tools.Generators.ScorchGenerator,1,1,1,0,12,3
mindustry.tools.IconConverter,1,1,1,0,41,32
mindustry.tools.ImagePacker,14,1,2,0,101,45
mindustry.tools.ImagePacker.GenRegion,2,3,1,1,3,3
mindustry.tools.ImagePacker.PackIndex,1,1,0,0,1,1
mindustry.tools.ImageTileGenerator,1,1,1,0,18,11
mindustry.tools.ScriptMainGenerator,9,1,1,0,47,8
mindustry.type.AmmoType,n/a,n/a,n/a,n/a,4,n/a
mindustry.type.Category,9,n/a,3,n/a,5,2
mindustry.type.CellLiquid,15,5,1,1,34,21
mindustry.type.ErrorContent,4,2,1,0,1,1
mindustry.type.Item,149,4,6,22,31,24
mindustry.type.ItemSeq,26,1,2,1,43,44
mindustry.type.ItemStack,73,1,1,0,17,17
mindustry.type.Liquid,94,4,7,11,39,26
mindustry.type.LiquidStack,20,1,1,0,15,16
mindustry.type.MapLocales,10,2,3,0,27,23
mindustry.type.PayloadSeq,14,1,1,0,39,24
mindustry.type.PayloadStack,14,1,2,0,12,10
mindustry.type.Planet,80,4,5,5,145,87
mindustry.type.Planet.PlanetData,3,1,0,0,1,0
mindustry.type.Publishable,n/a,n/a,n/a,n/a,12,n/a
mindustry.type.Sector,74,1,1,0,89,58
mindustry.type.Sector.SectorRect,5,1,1,0,5,2
mindustry.type.SectorPreset,39,4,3,47,17,14
mindustry.type.StatusEffect,44,4,8,22,55,48
mindustry.type.StatusEffect.TransitionHandler,n/a,n/a,n/a,n/a,1,n/a
mindustry.type.TeamEntry,6,4,2,0,11,4
mindustry.type.UnitType,226,4,10,43,337,305
mindustry.type.UnitType.UnitEngine,5,1,2,0,13,7
mindustry.type.Weapon,62,1,3,81,105,86
mindustry.type.Weather,43,4,8,4,74,37
mindustry.type.Weather.WeatherEntry,7,1,0,0,4,3
mindustry.type.Weather.WeatherStateComp,8,1,1,0,17,6
mindustry.type.ammo.ItemAmmoType,15,1,2,0,14,9
mindustry.type.ammo.PowerAmmoType,15,1,3,0,10,8
mindustry.type.unit.ErekirUnitType,8,5,0,16,3,1
mindustry.type.unit.MissileUnitType,9,5,0,7,2,1
mindustry.type.unit.NeoplasmUnitType,10,5,0,2,4,1
mindustry.type.unit.TankUnitType,4,6,0,5,2,1
mindustry.type.weapons.BuildWeapon,7,2,1,1,18,7
mindustry.type.weapons.MineWeapon,8,2,1,0,19,7
mindustry.type.weapons.PointDefenseBulletWeapon,9,2,2,0,13,6
mindustry.type.weapons.PointDefenseWeapon,14,2,1,3,24,7
mindustry.type.weapons.RepairBeamWeapon,22,2,3,6,52,26
mindustry.type.weapons.RepairBeamWeapon.HealBeamMount,4,2,0,0,3,1
mindustry.type.weather.MagneticStorm,2,5,0,0,2,1
mindustry.type.weather.ParticleWeather,9,5,1,5,17,13
mindustry.type.weather.RainWeather,7,5,1,1,10,5
mindustry.type.weather.SolarFlare,2,5,0,0,2,1
mindustry.ui.Bar,42,2,1,0,41,21
mindustry.ui.BorderImage,8,3,1,3,17,7
mindustry.ui.CoreItemsDisplay,12,5,1,0,27,10
mindustry.ui.Displayable,n/a,n/a,n/a,n/a,2,n/a
mindustry.ui.Fonts,41,1,2,0,78,30
mindustry.ui.GridImage,1,2,1,0,7,6
mindustry.ui.IntFormat,1,1,1,0,9,6
mindustry.ui.ItemsDisplay,13,5,1,0,45,8
mindustry.ui.Links,4,1,1,0,5,3
mindustry.ui.Links.LinkEntry,2,1,0,0,4,1
mindustry.ui.Menus,15,1,3,0,52,45
mindustry.ui.Menus.MenuListener,n/a,n/a,n/a,n/a,1,n/a
mindustry.ui.Menus.TextInputListener,n/a,n/a,n/a,n/a,1,n/a
mindustry.ui.Minimap,10,5,0,0,15,17
mindustry.ui.MobileButton,1,7,0,0,10,1
mindustry.ui.MultiReqImage,6,5,1,0,9,4
mindustry.ui.ReqImage,15,5,1,0,8,4
mindustry.ui.Styles,107,1,1,0,23,6
mindustry.ui.WarningBar,2,2,1,0,9,2
mindustry.ui.dialogs.AboutDialog,9,7,1,0,59,12
mindustry.ui.dialogs.AdminsDialog,11,7,1,0,31,5
mindustry.ui.dialogs.BansDialog,8,7,1,0,25,4
mindustry.ui.dialogs.BaseDialog,61,6,2,47,38,10
mindustry.ui.dialogs.CampaignCompleteDialog,11,7,1,0,24,3
mindustry.ui.dialogs.CampaignRulesDialog,10,7,1,0,49,14
mindustry.ui.dialogs.ColorPicker,9,7,1,0,46,13
mindustry.ui.dialogs.ContentInfoDialog,18,7,1,0,44,17
mindustry.ui.dialogs.CustomGameDialog,4,8,1,0,5,2
mindustry.ui.dialogs.CustomRulesDialog,32,7,1,0,164,50
mindustry.ui.dialogs.DatabaseDialog,19,7,1,0,96,30
mindustry.ui.dialogs.DiscordDialog,5,6,0,0,28,2
mindustry.ui.dialogs.EditorMapsDialog,14,8,1,0,69,15
mindustry.ui.dialogs.EffectsDialog,12,7,2,0,50,16
mindustry.ui.dialogs.EffectsDialog.BoundsBatch,1,2,2,0,10,8
mindustry.ui.dialogs.EffectsDialog.EffectCell,4,2,1,0,23,7
mindustry.ui.dialogs.FileChooser,6,7,1,0,107,23
mindustry.ui.dialogs.FileChooser.FileHistory,1,1,1,0,12,9
mindustry.ui.dialogs.FullTextDialog,3,7,1,0,11,2
mindustry.ui.dialogs.GameOverDialog,23,7,1,0,55,14
mindustry.ui.dialogs.GameOverDialog.StatLabel,4,5,0,0,32,2
mindustry.ui.dialogs.HostDialog,13,7,1,0,65,9
mindustry.ui.dialogs.IconSelectDialog,9,6,1,0,37,9
mindustry.ui.dialogs.JoinDialog,26,7,1,0,210,116
mindustry.ui.dialogs.JoinDialog.Server,4,1,1,0,11,8
mindustry.ui.dialogs.KeybindDialog,4,6,2,0,74,22
mindustry.ui.dialogs.LanguageDialog,5,7,1,0,37,14
mindustry.ui.dialogs.LaunchLoadoutDialog,25,7,1,0,88,30
mindustry.ui.dialogs.LoadDialog,23,7,1,1,128,25
mindustry.ui.dialogs.LoadoutDialog,14,7,1,0,56,18
mindustry.ui.dialogs.MapListDialog,15,7,1,2,94,29
mindustry.ui.dialogs.MapPlayDialog,14,7,1,0,54,16
mindustry.ui.dialogs.ModsDialog,25,7,1,0,209,100
mindustry.ui.dialogs.PaletteDialog,7,6,1,0,17,5
mindustry.ui.dialogs.PausedDialog,26,7,1,0,72,25
mindustry.ui.dialogs.PlanetDialog,66,7,2,0,326,258
mindustry.ui.dialogs.PlanetDialog.Mode,1,n/a,2,n/a,2,0
mindustry.ui.dialogs.ResearchDialog,35,7,1,0,82,49
mindustry.ui.dialogs.ResearchDialog.LayoutNode,3,2,0,0,4,2
mindustry.ui.dialogs.ResearchDialog.TechTreeNode,6,2,0,0,3,2
mindustry.ui.dialogs.ResearchDialog.View,24,3,1,0,118,70
mindustry.ui.dialogs.SaveDialog,10,8,1,0,26,6
mindustry.ui.dialogs.SchematicsDialog,26,7,1,0,167,74
mindustry.ui.dialogs.SchematicsDialog.SchematicImage,9,3,1,0,27,8
mindustry.ui.dialogs.SchematicsDialog.SchematicInfoDialog,15,7,1,0,47,11
mindustry.ui.dialogs.SectorSelectDialog,11,7,1,0,37,7
mindustry.ui.dialogs.SettingsMenuDialog,30,7,1,0,151,79
mindustry.ui.dialogs.SettingsMenuDialog.SettingsCategory,2,1,0,0,3,1
mindustry.ui.dialogs.SettingsMenuDialog.SettingsTable,8,5,1,0,28,15
mindustry.ui.dialogs.SettingsMenuDialog.SettingsTable.AreaTextSetting,3,3,1,0,21,3
mindustry.ui.dialogs.SettingsMenuDialog.SettingsTable.CheckSetting,2,2,1,0,18,3
mindustry.ui.dialogs.SettingsMenuDialog.SettingsTable.Setting,7,1,2,3,8,3
mindustry.ui.dialogs.SettingsMenuDialog.SettingsTable.SliderSetting,4,2,1,0,30,2
mindustry.ui.dialogs.SettingsMenuDialog.SettingsTable.TextSetting,3,2,1,1,19,3
mindustry.ui.dialogs.SettingsMenuDialog.StringProcessor,n/a,n/a,n/a,n/a,1,n/a
mindustry.ui.dialogs.TraceDialog,9,7,1,0,28,7
mindustry.ui.fragments.BlockConfigFragment,13,1,1,0,28,12
mindustry.ui.fragments.BlockInventoryFragment,20,1,1,0,68,38
mindustry.ui.fragments.ChatFragment,18,5,1,0,107,42
mindustry.ui.fragments.ChatFragment.ChatMode,3,n/a,5,n/a,10,6
mindustry.ui.fragments.ConsoleFragment,12,5,2,0,87,33
mindustry.ui.fragments.FadeInFragment,1,1,1,0,3,4
mindustry.ui.fragments.HintsFragment,27,1,1,0,60,27
mindustry.ui.fragments.HintsFragment.DefaultHint,35,n/a,7,n/a,57,15
mindustry.ui.fragments.HintsFragment.Hint,n/a,n/a,n/a,n/a,10,n/a
mindustry.ui.fragments.HudFragment,76,1,1,0,276,145
mindustry.ui.fragments.LoadingFragment,19,1,1,0,52,14
mindustry.ui.fragments.MenuFragment,15,1,1,0,104,37
mindustry.ui.fragments.MenuFragment.MenuButton,1,1,0,0,4,5
mindustry.ui.fragments.MinimapFragment,15,1,1,0,50,21
mindustry.ui.fragments.PlacementFragment,53,1,1,0,237,139
mindustry.ui.fragments.PlanConfigFragment,12,1,1,0,29,10
mindustry.ui.fragments.PlayerListFragment,24,1,1,0,130,24
mindustry.ui.layout.BranchTreeLayout,6,1,1,2,31,56
mindustry.ui.layout.BranchTreeLayout.TreeAlignment,1,n/a,2,n/a,2,0
mindustry.ui.layout.BranchTreeLayout.TreeLocation,2,n/a,2,n/a,2,0
mindustry.ui.layout.RadialTreeLayout,3,1,1,0,15,12
mindustry.ui.layout.RowTreeLayout,2,1,1,0,6,4
mindustry.ui.layout.TreeLayout,n/a,n/a,n/a,n/a,1,n/a
mindustry.ui.layout.TreeLayout.TreeNode,9,1,1,2,3,5
mindustry.world.Block,493,4,26,68,305,257
mindustry.world.Build,39,1,1,0,79,59
mindustry.world.CachedTile,10,2,2,2,7,7
mindustry.world.ColorMapper,5,1,1,0,9,3
mindustry.world.DirectionalItemBuffer,10,1,1,0,19,17
mindustry.world.DirectionalItemBuffer.BufferItemLegacyStruct,0,1,0,0,0,0
mindustry.world.DirectionalItemBuffer.BufferItemStruct,0,1,0,0,0,0
mindustry.world.Edges,22,1,3,0,17,16
mindustry.world.ItemBuffer,7,1,1,0,18,13
mindustry.world.ItemBuffer.TimeItemStruct,0,1,0,0,0,0
mindustry.world.Tile,263,1,6,2,185,202
mindustry.world.Tile.PackedTileDataStruct,0,1,0,0,0,0
mindustry.world.TileGen,6,1,1,0,1,1
mindustry.world.Tiles,41,1,4,0,25,23
mindustry.world.Tiles.TileIterator,3,1,1,0,3,3
mindustry.world.WorldContext,n/a,n/a,n/a,n/a,10,n/a
mindustry.world.WorldParams,9,1,0,1,0,0
mindustry.world.blocks.Attributes,19,1,1,0,13,14
mindustry.world.blocks.Autotiler,n/a,n/a,n/a,n/a,31,n/a
mindustry.world.blocks.Autotiler.AutotilerHolder,3,1,0,0,0,0
mindustry.world.blocks.Autotiler.SliceMode,6,n/a,2,n/a,2,0
mindustry.world.blocks.ConstructBlock,28,5,3,0,38,31
mindustry.world.blocks.ConstructBlock.ConstructBuild,48,2,2,0,70,73
mindustry.world.blocks.ControlBlock,n/a,n/a,n/a,n/a,5,n/a
mindustry.world.blocks.ExplosionShield,n/a,n/a,n/a,n/a,1,n/a
mindustry.world.blocks.ItemSelection,24,1,1,0,63,18
mindustry.world.blocks.LaunchAnimator,n/a,n/a,n/a,n/a,9,n/a
mindustry.world.blocks.RotBlock,n/a,n/a,n/a,n/a,1,n/a
mindustry.world.blocks.TileBitmask,4,1,1,0,3,5
mindustry.world.blocks.UnitTetherBlock,n/a,n/a,n/a,n/a,1,n/a
mindustry.world.blocks.campaign.Accelerator,16,5,3,1,14,6
mindustry.world.blocks.campaign.Accelerator.AcceleratorBuild,36,2,4,0,152,69
mindustry.world.blocks.campaign.LandingPad,25,5,4,1,24,13
mindustry.world.blocks.campaign.LandingPad.LandingPadBuild,32,2,3,0,124,58
mindustry.world.blocks.campaign.LaunchPad,16,5,2,2,16,4
mindustry.world.blocks.campaign.LaunchPad.LaunchPadBuild,27,2,2,0,70,26
mindustry.world.blocks.campaign.LaunchPad.LaunchPayloadComp,23,1,2,0,41,12
mindustry.world.blocks.defense.AutoDoor,12,6,1,1,7,3
mindustry.world.blocks.defense.AutoDoor.AutoDoorBuild,12,2,1,0,29,15
mindustry.world.blocks.defense.BaseShield,16,5,1,2,21,7
mindustry.world.blocks.defense.BaseShield.BaseShieldBuild,11,2,3,0,29,14
mindustry.world.blocks.defense.BuildTurret,13,6,2,1,11,5
mindustry.world.blocks.defense.BuildTurret.BuildTurretBuild,35,3,2,0,73,33
mindustry.world.blocks.defense.DirectionalForceProjector,20,5,2,1,26,10
mindustry.world.blocks.defense.DirectionalForceProjector.DirectionalForceProjectorBuild,12,2,1,0,36,18
mindustry.world.blocks.defense.Door,15,6,1,2,14,9
mindustry.world.blocks.defense.Door.DoorBuild,10,2,2,0,40,28
mindustry.world.blocks.defense.ForceProjector,27,5,2,1,36,11
mindustry.world.blocks.defense.ForceProjector.ForceBuild,20,2,2,0,53,37
mindustry.world.blocks.defense.MendProjector,20,5,2,2,22,5
mindustry.world.blocks.defense.MendProjector.MendBuild,11,2,1,0,42,12
mindustry.world.blocks.defense.OverdriveProjector,20,5,2,2,29,7
mindustry.world.blocks.defense.OverdriveProjector.OverdriveBuild,8,2,1,0,37,15
mindustry.world.blocks.defense.Radar,7,5,2,1,7,3
mindustry.world.blocks.defense.Radar.RadarBuild,9,2,2,0,22,9
mindustry.world.blocks.defense.RegenProjector,25,5,3,1,31,8
mindustry.world.blocks.defense.RegenProjector.RegenProjectorBuild,11,2,2,0,43,20
mindustry.world.blocks.defense.ShieldWall,7,6,1,1,7,2
mindustry.world.blocks.defense.ShieldWall.ShieldWallBuild,10,3,1,0,29,17
mindustry.world.blocks.defense.ShockMine,7,5,0,1,2,1
mindustry.world.blocks.defense.ShockMine.ShockMineBuild,7,2,3,0,14,9
mindustry.world.blocks.defense.ShockwaveTower,14,5,1,1,9,3
mindustry.world.blocks.defense.ShockwaveTower.ShockwaveTowerBuild,15,2,1,0,30,13
mindustry.world.blocks.defense.Thruster,5,6,1,1,8,3
mindustry.world.blocks.defense.Thruster.ThrusterBuild,5,3,1,0,4,1
mindustry.world.blocks.defense.Wall,19,5,2,28,8,6
mindustry.world.blocks.defense.Wall.WallBuild,12,2,1,2,21,11
mindustry.world.blocks.defense.turrets.BaseTurret,40,5,1,3,17,9
mindustry.world.blocks.defense.turrets.BaseTurret.BaseTurretBuild,17,2,3,3,5,4
mindustry.world.blocks.defense.turrets.ContinuousLiquidTurret,19,9,1,1,15,6
mindustry.world.blocks.defense.turrets.ContinuousLiquidTurret.ContinuousLiquidTurretBuild,16,6,3,0,22,10
mindustry.world.blocks.defense.turrets.ContinuousTurret,15,8,1,2,8,2
mindustry.world.blocks.defense.turrets.ContinuousTurret.ContinuousTurretBuild,20,5,6,1,49,28
mindustry.world.blocks.defense.turrets.ItemTurret,25,8,1,17,25,12
mindustry.world.blocks.defense.turrets.ItemTurret.ItemEntry,6,2,1,0,4,3
mindustry.world.blocks.defense.turrets.ItemTurret.ItemTurretBuild,19,5,3,0,37,24
mindustry.world.blocks.defense.turrets.LaserTurret,14,9,1,1,10,5
mindustry.world.blocks.defense.turrets.LaserTurret.LaserTurretBuild,19,6,4,0,41,21
mindustry.world.blocks.defense.turrets.LiquidTurret,15,8,1,2,15,6
mindustry.world.blocks.defense.turrets.LiquidTurret.LiquidTurretBuild,19,5,3,0,28,16
mindustry.world.blocks.defense.turrets.PayloadAmmoTurret,18,8,1,0,21,15
mindustry.world.blocks.defense.turrets.PayloadAmmoTurret.PayloadTurretBuild,14,5,1,0,31,17
mindustry.world.blocks.defense.turrets.PointDefenseTurret,14,7,2,1,6,3
mindustry.world.blocks.defense.turrets.PointDefenseTurret.PointDefenseBuild,17,4,1,0,37,11
mindustry.world.blocks.defense.turrets.PowerTurret,11,8,1,5,9,3
mindustry.world.blocks.defense.turrets.PowerTurret.PowerTurretBuild,11,5,3,1,9,5
mindustry.world.blocks.defense.turrets.ReloadTurret,15,6,1,2,6,3
mindustry.world.blocks.defense.turrets.ReloadTurret.ReloadTurretBuild,16,3,1,2,12,7
mindustry.world.blocks.defense.turrets.TractorBeamTurret,14,6,3,1,10,5
mindustry.world.blocks.defense.turrets.TractorBeamTurret.TractorBeamBuild,24,3,1,0,50,16
mindustry.world.blocks.defense.turrets.Turret,42,7,4,5,33,24
mindustry.world.blocks.defense.turrets.Turret.AmmoEntry,6,1,1,1,1,0
mindustry.world.blocks.defense.turrets.Turret.BulletEntry,5,1,0,0,1,1
mindustry.world.blocks.defense.turrets.Turret.TurretBuild,54,4,5,5,148,123
mindustry.world.blocks.distribution.ArmoredConveyor,6,6,1,1,11,3
mindustry.world.blocks.distribution.ArmoredConveyor.ArmoredConveyorBuild,7,3,1,0,4,1
mindustry.world.blocks.distribution.BufferedItemBridge,9,6,1,1,5,2
mindustry.world.blocks.distribution.BufferedItemBridge.BufferedItemBridgeBuild,7,3,2,0,19,6
mindustry.world.blocks.distribution.ChainedBuilding,n/a,n/a,n/a,n/a,1,n/a
mindustry.world.blocks.distribution.Conveyor,25,5,5,3,31,18
mindustry.world.blocks.distribution.Conveyor.ConveyorBuild,24,2,2,1,79,72
mindustry.world.blocks.distribution.DirectionBridge,21,5,1,2,43,29
mindustry.world.blocks.distribution.DirectionBridge.DirectionBridgeBuild,11,2,1,2,18,9
mindustry.world.blocks.distribution.DirectionLiquidBridge,6,6,1,1,3,2
mindustry.world.blocks.distribution.DirectionLiquidBridge.DuctBridgeBuild,10,3,1,0,20,11
mindustry.world.blocks.distribution.DirectionalUnloader,13,5,3,1,18,6
mindustry.world.blocks.distribution.DirectionalUnloader.DirectionalUnloaderBuild,12,2,1,0,30,16
mindustry.world.blocks.distribution.Duct,22,5,2,2,40,17
mindustry.world.blocks.distribution.Duct.DuctBuild,15,2,2,0,50,26
mindustry.world.blocks.distribution.DuctBridge,11,6,1,1,5,2
mindustry.world.blocks.distribution.DuctBridge.DuctBridgeBuild,7,3,1,0,13,11
mindustry.world.blocks.distribution.DuctJunction,10,5,4,0,11,5
mindustry.world.blocks.distribution.DuctJunction.DuctJunctionBuild,10,2,2,0,29,20
mindustry.world.blocks.distribution.DuctRouter,16,5,4,2,16,7
mindustry.world.blocks.distribution.DuctRouter.DuctRouterBuild,14,2,2,1,43,24
mindustry.world.blocks.distribution.ItemBridge,25,5,2,3,51,26
mindustry.world.blocks.distribution.ItemBridge.ItemBridgeBuild,18,2,2,2,109,62
mindustry.world.blocks.distribution.Junction,10,5,2,1,6,3
mindustry.world.blocks.distribution.Junction.JunctionBuild,9,2,3,0,22,13
mindustry.world.blocks.distribution.MassDriver,21,5,2,1,25,6
mindustry.world.blocks.distribution.MassDriver.DriverBulletData,5,1,1,0,2,1
mindustry.world.blocks.distribution.MassDriver.DriverState,2,n/a,2,n/a,2,0
mindustry.world.blocks.distribution.MassDriver.MassDriverBuild,22,2,1,0,76,43
mindustry.world.blocks.distribution.OverflowDuct,12,5,3,2,12,5
mindustry.world.blocks.distribution.OverflowDuct.OverflowDuctBuild,9,2,2,0,27,24
mindustry.world.blocks.distribution.OverflowGate,5,5,1,2,3,2
mindustry.world.blocks.distribution.OverflowGate.OverflowGateBuild,7,2,3,0,15,16
mindustry.world.blocks.distribution.Router,4,5,0,2,2,1
mindustry.world.blocks.distribution.Router.RouterBuild,18,2,4,0,34,22
mindustry.world.blocks.distribution.Sorter,9,5,4,2,11,6
mindustry.world.blocks.distribution.Sorter.SorterBuild,14,2,2,0,35,24
mindustry.world.blocks.distribution.StackConveyor,22,5,3,2,20,12
mindustry.world.blocks.distribution.StackConveyor.StackConveyorBuild,18,2,2,0,78,69
mindustry.world.blocks.distribution.StackRouter,6,6,0,1,2,1
mindustry.world.blocks.distribution.StackRouter.StackRouterBuild,12,3,1,0,20,13
mindustry.world.blocks.environment.AirBlock,6,6,5,0,8,7
mindustry.world.blocks.environment.CharacterOverlay,10,7,1,2,29,14
mindustry.world.blocks.environment.CharacterOverlay.CharOverlayDataStruct,0,1,0,0,0,0
mindustry.world.blocks.environment.Cliff,4,5,1,1,13,3
mindustry.world.blocks.environment.ColoredFloor,14,6,3,1,54,27
mindustry.world.blocks.environment.ColoredWall,6,7,3,1,23,15
mindustry.world.blocks.environment.EmptyFloor,5,6,1,0,6,3
mindustry.world.blocks.environment.Floor,96,5,8,61,72,79
mindustry.world.blocks.environment.Floor.UpdateRenderState,5,1,0,0,1,1
mindustry.world.blocks.environment.OreBlock,16,7,1,8,20,15
mindustry.world.blocks.environment.OverlayFloor,21,6,2,5,11,3
mindustry.world.blocks.environment.Prop,12,5,1,20,13,5
mindustry.world.blocks.environment.RemoveOre,10,7,3,0,11,6
mindustry.world.blocks.environment.RemoveWall,10,5,2,0,14,7
mindustry.world.blocks.environment.RuneOverlay,10,7,2,1,31,17
mindustry.world.blocks.environment.SeaBush,5,6,1,2,21,5
mindustry.world.blocks.environment.Seaweed,5,6,1,1,14,3
mindustry.world.blocks.environment.ShallowLiquid,8,6,1,3,14,7
mindustry.world.blocks.environment.SpawnBlock,7,7,1,0,4,3
mindustry.world.blocks.environment.StaticTree,7,7,1,2,18,8
mindustry.world.blocks.environment.StaticWall,20,6,2,21,29,21
mindustry.world.blocks.environment.SteamVent,14,6,1,8,23,13
mindustry.world.blocks.environment.TallBlock,8,5,3,4,19,8
mindustry.world.blocks.environment.TreeBlock,6,5,2,0,17,6
mindustry.world.blocks.environment.WobbleProp,6,6,1,0,13,3
mindustry.world.blocks.heat.HeatBlock,n/a,n/a,n/a,n/a,2,n/a
mindustry.world.blocks.heat.HeatConductor,10,5,2,3,14,5
mindustry.world.blocks.heat.HeatConductor.HeatConductorBuild,9,2,2,0,14,11
mindustry.world.blocks.heat.HeatConsumer,n/a,n/a,n/a,n/a,2,n/a
mindustry.world.blocks.heat.HeatProducer,14,6,1,6,12,3
mindustry.world.blocks.heat.HeatProducer.HeatProducerBuild,5,3,1,0,12,5
mindustry.world.blocks.legacy.LegacyBlock,11,5,1,3,4,2
mindustry.world.blocks.legacy.LegacyCommandCenter,3,6,0,1,2,1
mindustry.world.blocks.legacy.LegacyCommandCenter.CommandBuild,2,2,2,0,6,2
mindustry.world.blocks.legacy.LegacyMechPad,4,6,0,0,2,1
mindustry.world.blocks.legacy.LegacyMechPad.LegacyMechPadBuild,2,2,1,0,3,1
mindustry.world.blocks.legacy.LegacyUnitFactory,6,6,1,2,5,3
mindustry.world.blocks.legacy.LegacyUnitFactory.LegacyUnitFactoryBuild,2,2,1,0,4,2
mindustry.world.blocks.liquid.ArmoredConduit,6,7,1,2,5,2
mindustry.world.blocks.liquid.ArmoredConduit.ArmoredConduitBuild,8,4,1,0,4,1
mindustry.world.blocks.liquid.Conduit,20,6,3,3,42,22
mindustry.world.blocks.liquid.Conduit.ConduitBuild,17,3,1,1,33,18
mindustry.world.blocks.liquid.LiquidBlock,21,5,2,4,13,10
mindustry.world.blocks.liquid.LiquidBlock.LiquidBuild,10,2,1,3,6,3
mindustry.world.blocks.liquid.LiquidBridge,5,6,0,2,2,1
mindustry.world.blocks.liquid.LiquidBridge.LiquidBridgeBuild,4,3,1,0,5,3
mindustry.world.blocks.liquid.LiquidJunction,10,6,3,2,9,4
mindustry.world.blocks.liquid.LiquidJunction.LiquidJunctionBuild,6,2,2,0,7,4
mindustry.world.blocks.liquid.LiquidRouter,5,6,1,6,3,2
mindustry.world.blocks.liquid.LiquidRouter.LiquidRouterBuild,8,3,1,0,8,4
mindustry.world.blocks.logic.CanvasBlock,7,5,1,1,30,23
mindustry.world.blocks.logic.CanvasBlock.CanvasBuild,18,2,3,0,80,67
mindustry.world.blocks.logic.LogicBlock,23,5,2,4,59,26
mindustry.world.blocks.logic.LogicBlock.LogicBuild,38,2,7,0,139,106
mindustry.world.blocks.logic.LogicBlock.LogicLink,4,1,1,0,2,2
mindustry.world.blocks.logic.LogicDisplay,11,5,2,3,9,5
mindustry.world.blocks.logic.LogicDisplay.DisplayCmdStruct,0,1,0,0,0,0
mindustry.world.blocks.logic.LogicDisplay.GraphicsType,2,n/a,2,n/a,2,0
mindustry.world.blocks.logic.LogicDisplay.LogicDisplayBuild,17,2,2,1,75,28
mindustry.world.blocks.logic.MemoryBlock,14,5,2,3,7,4
mindustry.world.blocks.logic.MemoryBlock.MemoryBuild,11,2,5,0,24,17
mindustry.world.blocks.logic.MessageBlock,9,5,1,3,11,7
mindustry.world.blocks.logic.MessageBlock.MessageBuild,19,2,7,0,78,30
mindustry.world.blocks.logic.SwitchBlock,11,5,1,2,5,3
mindustry.world.blocks.logic.SwitchBlock.SwitchBuild,5,2,3,0,18,12
mindustry.world.blocks.logic.TileableLogicDisplay,6,6,1,1,17,10
mindustry.world.blocks.logic.TileableLogicDisplay.MergeBuffer,2,1,0,0,2,2
mindustry.world.blocks.logic.TileableLogicDisplay.TileableLogicDisplayBuild,11,3,1,0,57,28
mindustry.world.blocks.payloads.BlockProducer,16,6,2,2,19,7
mindustry.world.blocks.payloads.BlockProducer.BlockProducerBuild,22,3,2,2,44,18
mindustry.world.blocks.payloads.BuildPayload,28,1,1,0,39,21
mindustry.world.blocks.payloads.Constructor,14,7,2,2,18,6
mindustry.world.blocks.payloads.Constructor.ConstructorBuild,10,4,1,0,18,9
mindustry.world.blocks.payloads.Payload,n/a,n/a,n/a,n/a,34,n/a
mindustry.world.blocks.payloads.PayloadBlock,43,5,2,9,28,10
mindustry.world.blocks.payloads.PayloadBlock.PayloadBlockBuild,29,2,2,9,63,40
mindustry.world.blocks.payloads.PayloadConveyor,23,5,3,3,17,7
mindustry.world.blocks.payloads.PayloadConveyor.PayloadConveyorBuild,20,2,2,1,83,54
mindustry.world.blocks.payloads.PayloadDeconstructor,7,6,2,2,7,3
mindustry.world.blocks.payloads.PayloadDeconstructor.PayloadDeconstructorBuild,27,3,1,0,59,45
mindustry.world.blocks.payloads.PayloadLoader,14,6,4,2,21,12
mindustry.world.blocks.payloads.PayloadLoader.PayloadLoaderBuild,19,3,3,1,55,37
mindustry.world.blocks.payloads.PayloadMassDriver,26,6,3,2,43,10
mindustry.world.blocks.payloads.PayloadMassDriver.PayloadDriverBuild,18,3,2,0,90,63
mindustry.world.blocks.payloads.PayloadMassDriver.PayloadDriverState,2,n/a,2,n/a,2,0
mindustry.world.blocks.payloads.PayloadMassDriver.PayloadMassDriverData,4,1,0,0,1,1
mindustry.world.blocks.payloads.PayloadRouter,12,6,3,2,22,5
mindustry.world.blocks.payloads.PayloadRouter.PayloadRouterBuild,19,3,2,0,53,30
mindustry.world.blocks.payloads.PayloadSource,13,6,3,1,23,8
mindustry.world.blocks.payloads.PayloadSource.PayloadSourceBuild,20,3,3,0,42,18
mindustry.world.blocks.payloads.PayloadUnloader,4,7,2,1,4,3
mindustry.world.blocks.payloads.PayloadUnloader.PayloadUnloaderBuild,17,4,3,0,28,18
mindustry.world.blocks.payloads.PayloadVoid,7,6,1,1,3,2
mindustry.world.blocks.payloads.PayloadVoid.PayloadVoidBuild,10,3,3,0,12,6
mindustry.world.blocks.payloads.UnitPayload,37,1,1,0,52,28
mindustry.world.blocks.power.Battery,14,7,1,3,19,8
mindustry.world.blocks.power.Battery.BatteryBuild,9,2,2,0,10,9
mindustry.world.blocks.power.BeamNode,22,6,2,2,42,18
mindustry.world.blocks.power.BeamNode.BeamNodeBuild,15,2,1,0,36,25
mindustry.world.blocks.power.ConsumeGenerator,20,8,1,8,14,10
mindustry.world.blocks.power.ConsumeGenerator.ConsumeGeneratorBuild,16,3,1,1,26,16
mindustry.world.blocks.power.HeaterGenerator,15,9,2,1,12,4
mindustry.world.blocks.power.HeaterGenerator.HeaterGeneratorBuild,6,4,1,0,12,5
mindustry.world.blocks.power.ImpactReactor,22,8,2,1,17,4
mindustry.world.blocks.power.ImpactReactor.ImpactReactorBuild,9,3,1,0,20,12
mindustry.world.blocks.power.LightBlock,11,5,2,1,14,6
mindustry.world.blocks.power.LightBlock.LightBuild,15,2,2,0,37,16
mindustry.world.blocks.power.LongPowerNode,5,7,1,1,8,2
mindustry.world.blocks.power.LongPowerNode.LongPowerNodeBuild,6,3,1,0,9,4
mindustry.world.blocks.power.NuclearReactor,17,8,2,1,12,4
mindustry.world.blocks.power.NuclearReactor.NuclearReactorBuild,14,3,1,0,40,15
mindustry.world.blocks.power.PowerBlock,7,5,0,5,2,1
mindustry.world.blocks.power.PowerDiode,12,5,2,1,16,6
mindustry.world.blocks.power.PowerDiode.PowerDiodeBuild,6,2,2,0,11,6
mindustry.world.blocks.power.PowerDistributor,5,6,0,2,2,1
mindustry.world.blocks.power.PowerGenerator,32,7,4,7,23,9
mindustry.world.blocks.power.PowerGenerator.GeneratorBuild,24,2,3,6,28,20
mindustry.world.blocks.power.PowerGraph,21,1,2,0,63,85
mindustry.world.blocks.power.PowerNode,35,6,1,5,110,54
mindustry.world.blocks.power.PowerNode.PowerNodeBuild,17,2,1,2,50,28
mindustry.world.blocks.power.SolarGenerator,7,8,1,2,7,2
mindustry.world.blocks.power.SolarGenerator.SolarGeneratorBuild,7,3,1,0,3,3
mindustry.world.blocks.power.ThermalGenerator,17,8,1,2,23,9
mindustry.world.blocks.power.ThermalGenerator.ThermalGeneratorBuild,11,3,1,0,20,8
mindustry.world.blocks.power.VariableReactor,18,8,1,1,15,3
mindustry.world.blocks.power.VariableReactor.VariableReactorBuild,9,3,1,0,31,18
mindustry.world.blocks.production.AttributeCrafter,14,6,1,3,21,8
mindustry.world.blocks.production.AttributeCrafter.AttributeCrafterBuild,8,3,1,0,11,6
mindustry.world.blocks.production.BeamDrill,27,5,4,2,56,28
mindustry.world.blocks.production.BeamDrill.BeamDrillBuild,11,2,2,0,72,38
mindustry.world.blocks.production.BurstDrill,15,6,3,2,14,5
mindustry.world.blocks.production.BurstDrill.BurstDrillBuild,11,3,2,0,39,18
mindustry.world.blocks.production.Drill,35,5,2,5,70,33
mindustry.world.blocks.production.Drill.DrillBuild,11,2,3,1,50,31
mindustry.world.blocks.production.Fracker,11,8,1,1,5,2
mindustry.world.blocks.production.Fracker.FrackerBuild,5,5,1,0,6,3
mindustry.world.blocks.production.GenericCrafter,28,5,2,21,33,29
mindustry.world.blocks.production.GenericCrafter.GenericCrafterBuild,16,2,2,3,41,46
mindustry.world.blocks.production.HeatCrafter,11,6,1,5,11,3
mindustry.world.blocks.production.HeatCrafter.HeatCrafterBuild,6,3,1,0,10,5
mindustry.world.blocks.production.Incinerator,5,5,0,1,3,1
mindustry.world.blocks.production.Incinerator.IncineratorBuild,7,2,1,0,18,12
mindustry.world.blocks.production.ItemIncinerator,5,5,1,1,3,2
mindustry.world.blocks.production.ItemIncinerator.ItemIncineratorBuild,10,2,3,0,13,10
mindustry.world.blocks.production.Pump,24,6,3,5,27,17
mindustry.world.blocks.production.Pump.PumpBuild,13,3,2,1,27,20
mindustry.world.blocks.production.Separator,16,5,3,2,19,8
mindustry.world.blocks.production.Separator.SeparatorBuild,11,2,4,0,36,25
mindustry.world.blocks.production.SingleBlockProducer,5,7,0,0,2,1
mindustry.world.blocks.production.SingleBlockProducer.SingleBlockProducerBuild,4,4,1,0,1,1
mindustry.world.blocks.production.SolidPump,24,7,3,2,28,13
mindustry.world.blocks.production.SolidPump.SolidPumpBuild,16,4,2,1,28,12
mindustry.world.blocks.production.WallCrafter,27,5,4,2,41,18
mindustry.world.blocks.production.WallCrafter.WallCrafterBuild,10,2,1,0,27,12
mindustry.world.blocks.sandbox.ItemSource,13,5,5,1,15,6
mindustry.world.blocks.sandbox.ItemSource.ItemSourceBuild,10,2,2,0,26,12
mindustry.world.blocks.sandbox.ItemVoid,4,5,0,1,2,1
mindustry.world.blocks.sandbox.ItemVoid.ItemVoidBuild,4,2,2,0,4,3
mindustry.world.blocks.sandbox.LiquidSource,9,5,3,1,10,4
mindustry.world.blocks.sandbox.LiquidSource.LiquidSourceBuild,11,2,2,0,24,13
mindustry.world.blocks.sandbox.LiquidVoid,5,5,1,1,5,2
mindustry.world.blocks.sandbox.LiquidVoid.LiquidVoidBuild,4,2,2,0,6,3
mindustry.world.blocks.sandbox.PowerSource,6,7,0,1,2,1
mindustry.world.blocks.sandbox.PowerSource.PowerSourceBuild,4,3,1,0,4,4
mindustry.world.blocks.sandbox.PowerVoid,7,6,1,1,6,2
mindustry.world.blocks.storage.CoreBlock,71,6,1,6,84,31
mindustry.world.blocks.storage.CoreBlock.CoreBuild,70,2,9,0,176,108
mindustry.world.blocks.storage.StorageBlock,16,5,2,5,10,5
mindustry.world.blocks.storage.StorageBlock.StorageBuild,15,2,1,0,25,22
mindustry.world.blocks.storage.Unloader,13,5,4,1,16,5
mindustry.world.blocks.storage.Unloader.ContainerStat,3,1,1,0,1,1
mindustry.world.blocks.storage.Unloader.UnloaderBuild,13,2,2,0,45,35
mindustry.world.blocks.units.DroneCenter,7,5,1,0,4,2
mindustry.world.blocks.units.DroneCenter.DroneCenterBuild,23,2,1,0,37,18
mindustry.world.blocks.units.DroneCenter.EffectDroneAI,8,2,1,0,6,5
mindustry.world.blocks.units.Reconstructor,36,7,3,8,55,15
mindustry.world.blocks.units.Reconstructor.ReconstructorBuild,33,4,3,0,90,54
mindustry.world.blocks.units.RepairTower,11,5,1,1,10,3
mindustry.world.blocks.units.RepairTower.RepairTowerBuild,11,2,1,0,26,14
mindustry.world.blocks.units.RepairTurret,25,5,3,2,52,12
mindustry.world.blocks.units.RepairTurret.RepairPointBuild,15,2,3,0,39,19
mindustry.world.blocks.units.UnitAssembler,45,6,3,3,87,39
mindustry.world.blocks.units.UnitAssembler.AssemblerUnitPlan,8,1,0,0,2,2
mindustry.world.blocks.units.UnitAssembler.UnitAssemblerBuild,50,3,2,0,163,72
mindustry.world.blocks.units.UnitAssembler.YeetData,4,1,0,0,1,1
mindustry.world.blocks.units.UnitAssemblerModule,16,6,3,1,20,9
mindustry.world.blocks.units.UnitAssemblerModule.UnitAssemblerModuleBuild,14,3,2,0,22,16
mindustry.world.blocks.units.UnitBlock,9,6,1,2,4,3
mindustry.world.blocks.units.UnitBlock.UnitBuild,9,3,1,2,4,3
mindustry.world.blocks.units.UnitCargoLoader,20,5,3,1,23,10
mindustry.world.blocks.units.UnitCargoLoader.UnitTransportSourceBuild,24,2,2,0,34,20
mindustry.world.blocks.units.UnitCargoUnloadPoint,5,5,0,1,5,1
mindustry.world.blocks.units.UnitCargoUnloadPoint.UnitCargoUnloadPointBuild,12,2,1,0,27,13
mindustry.world.blocks.units.UnitFactory,38,7,3,6,65,30
mindustry.world.blocks.units.UnitFactory.UnitFactoryBuild,33,4,3,0,117,52
mindustry.world.blocks.units.UnitFactory.UnitPlan,7,1,0,0,2,2
mindustry.world.consumers.Consume,45,1,10,10,11,11
mindustry.world.consumers.ConsumeCoolant,9,4,0,0,3,3
mindustry.world.consumers.ConsumeItemCharged,5,4,1,0,3,3
mindustry.world.consumers.ConsumeItemDynamic,12,2,2,0,22,11
mindustry.world.consumers.ConsumeItemEfficiency,12,3,1,4,6,4
mindustry.world.consumers.ConsumeItemExplode,14,3,6,0,16,10
mindustry.world.consumers.ConsumeItemExplosive,5,4,1,0,3,3
mindustry.world.consumers.ConsumeItemFilter,25,2,2,4,26,17
mindustry.world.consumers.ConsumeItemFlammable,7,4,1,0,3,3
mindustry.world.consumers.ConsumeItemList,6,3,1,0,9,6
mindustry.world.consumers.ConsumeItemRadioactive,6,4,1,0,3,3
mindustry.world.consumers.ConsumeItems,21,2,1,0,23,14
mindustry.world.consumers.ConsumeLiquid,18,3,1,1,22,10
mindustry.world.consumers.ConsumeLiquidBase,21,2,2,2,4,3
mindustry.world.consumers.ConsumeLiquidFilter,21,3,1,4,32,19
mindustry.world.consumers.ConsumeLiquidFlammable,10,4,1,0,7,6
mindustry.world.consumers.ConsumeLiquids,14,2,1,0,22,14
mindustry.world.consumers.ConsumeLiquidsDynamic,10,2,2,0,20,12
mindustry.world.consumers.ConsumePayloadDynamic,10,2,2,0,21,12
mindustry.world.consumers.ConsumePayloadFilter,14,2,2,1,26,10
mindustry.world.consumers.ConsumePayloads,11,2,1,0,21,11
mindustry.world.consumers.ConsumePower,22,2,2,2,9,11
mindustry.world.consumers.ConsumePowerCondition,4,3,1,0,4,3
mindustry.world.consumers.ConsumePowerDynamic,7,3,2,0,7,5
mindustry.world.draw.DrawArcSmelt,4,2,1,0,17,5
mindustry.world.draw.DrawBlock,58,1,7,33,11,12
mindustry.world.draw.DrawBlurSpin,7,2,1,1,9,6
mindustry.world.draw.DrawBubbles,4,2,1,1,14,7
mindustry.world.draw.DrawCells,7,2,1,1,15,5
mindustry.world.draw.DrawCircles,4,2,1,2,10,5
mindustry.world.draw.DrawCrucibleFlame,4,2,1,0,19,3
mindustry.world.draw.DrawCultivator,7,2,1,0,14,4
mindustry.world.draw.DrawDefault,17,2,2,0,6,3
mindustry.world.draw.DrawFade,6,2,1,0,9,2
mindustry.world.draw.DrawFlame,9,2,1,1,20,6
mindustry.world.draw.DrawFrames,5,2,1,0,7,5
mindustry.world.draw.DrawGlowRegion,7,2,1,7,20,9
mindustry.world.draw.DrawHeatInput,9,2,2,0,16,8
mindustry.world.draw.DrawHeatOutput,11,2,1,0,24,10
mindustry.world.draw.DrawHeatRegion,8,2,1,3,17,7
mindustry.world.draw.DrawLiquidOutputs,10,2,1,0,8,16
mindustry.world.draw.DrawLiquidRegion,9,2,1,1,9,6
mindustry.world.draw.DrawLiquidTile,8,2,1,1,8,10
mindustry.world.draw.DrawMulti,12,2,1,0,18,15
mindustry.world.draw.DrawMultiWeave,6,2,1,1,16,5
mindustry.world.draw.DrawParticles,4,2,1,2,17,5
mindustry.world.draw.DrawPistons,7,2,1,3,16,9
mindustry.world.draw.DrawPlasma,8,3,1,0,19,5
mindustry.world.draw.DrawPower,9,2,1,1,18,12
mindustry.world.draw.DrawPulseShape,7,2,1,1,18,7
mindustry.world.draw.DrawPumpLiquid,10,2,1,0,5,3
mindustry.world.draw.DrawRegion,10,2,1,3,17,16
mindustry.world.draw.DrawShape,5,2,1,1,9,3
mindustry.world.draw.DrawSideRegion,6,2,1,0,9,6
mindustry.world.draw.DrawSoftParticles,5,2,1,1,20,4
mindustry.world.draw.DrawSpikes,4,2,1,1,10,5
mindustry.world.draw.DrawTurret,20,2,1,13,40,26
mindustry.world.draw.DrawWarmupRegion,7,2,2,0,12,3
mindustry.world.draw.DrawWeave,8,2,1,0,12,3
mindustry.world.meta.Attribute,24,1,2,0,13,7
mindustry.world.meta.BlockFlag,40,n/a,2,n/a,2,0
mindustry.world.meta.BlockGroup,47,n/a,2,n/a,4,2
mindustry.world.meta.BlockStatus,9,n/a,2,n/a,4,1
mindustry.world.meta.BuildVisibility,19,1,1,0,8,2
mindustry.world.meta.Env,66,1,0,0,0,0
mindustry.world.meta.Stat,94,1,2,0,9,5
mindustry.world.meta.StatCat,3,1,2,0,7,4
mindustry.world.meta.StatUnit,65,1,1,0,6,5
mindustry.world.meta.StatValue,n/a,n/a,n/a,n/a,1,n/a
mindustry.world.meta.StatValues,67,1,4,0,167,176
mindustry.world.meta.Stats,102,1,1,0,37,25
mindustry.world.modules.BlockModule,6,1,2,3,3,2
mindustry.world.modules.ItemModule,95,2,3,0,76,88
mindustry.world.modules.ItemModule.ItemCalculator,n/a,n/a,n/a,n/a,1,n/a
mindustry.world.modules.ItemModule.ItemConsumer,n/a,n/a,n/a,n/a,1,n/a
mindustry.world.modules.LiquidModule,58,2,1,0,40,43
mindustry.world.modules.LiquidModule.LiquidCalculator,n/a,n/a,n/a,n/a,1,n/a
mindustry.world.modules.LiquidModule.LiquidConsumer,n/a,n/a,n/a,n/a,1,n/a
mindustry.world.modules.PowerModule,31,2,1,0,15,5
power.ConsumeGeneratorTests,20,2,1,0,28,15
power.ConsumeGeneratorTests.InputType,1,n/a,2,n/a,2,0
power.DirectConsumerTests,10,2,1,0,15,4
power.PowerTestFixture,20,1,3,3,21,9
power.PowerTests,3,2,1,0,1,1
power.PowerTests.PowerGraphTests,8,1,1,0,22,11

